timestamp,cell1_v,cell2_v,cell3_v,loadcell1,loadcell2,pack_v,rpm1,rpm2,throttle1,throttle2,timestamp_ms
2026-05-31T14:20:40.410,4.09,4.117,4.111,0,-8,12.318,0,0,0.0,0.0,396426
2026-05-31T14:20:40.410,4.09,4.117,4.111,0,-8,12.318,0,0,0.0,0.0,396508
2026-05-31T14:20:40.530,4.09,4.117,4.112,0,-8,12.319,0,0,0.0,0.0,396599
2026-05-31T14:20:42.266,4.09,4.114,4.114,0,0,12.318,0,0,0.0,0.0,398313
2026-05-31T14:20:42.266,4.09,4.115,4.113,0,0,12.318,0,0,0.0,0.0,398397
2026-05-31T14:20:42.448,4.09,4.115,4.113,0,0,12.318,0,0,0.0,0.0,398480
2026-05-31T14:20:42.448,4.09,4.116,4.113,0,0,12.319,0,0,0.0,0.0,398571
2026-05-31T14:20:42.717,4.09,4.116,4.112,0,0,12.318,0,0,0.0,0.0,398660
2026-05-31T14:20:42.717,4.089,4.11,4.108,0,1,12.307,8,8,20.0,29.8,398766
2026-05-31T14:20:42.717,4.089,4.11,4.108,0,15,12.307,1975,3125,20.0,29.8,398839
2026-05-31T14:20:42.950,4.08,4.104,4.104,-11,-49,12.288,2361,3829,20.0,29.8,398929
2026-05-31T14:20:42.950,4.08,4.102,4.104,-59,-100,12.286,2480,3891,20.0,29.8,399019
2026-05-31T14:20:43.072,4.08,4.098,4.107,-120,-57,12.285,2494,3897,20.0,29.8,399136
2026-05-31T14:20:43.078,4.08,4.098,4.107,-143,-53,12.285,2496,3898,20.0,29.8,399197
2026-05-31T14:20:43.256,4.08,4.098,4.108,-148,-55,12.286,2494,3899,20.0,29.8,399288
2026-05-31T14:20:43.256,4.078,4.098,4.11,-150,-54,12.286,2493,3900,20.0,29.8,399382
2026-05-31T14:20:43.559,4.078,4.098,4.11,-151,-53,12.286,2492,3901,20.0,29.8,399466
2026-05-31T14:20:43.559,4.077,4.1,4.11,-150,-52,12.287,2493,3904,20.0,29.8,399557
2026-05-31T14:20:43.559,4.076,4.102,4.106,-150,-53,12.284,2493,3903,20.0,29.8,399646
2026-05-31T14:20:43.711,4.077,4.101,4.103,-150,-53,12.281,2494,3897,20.0,29.8,399752
2026-05-31T14:20:43.711,4.077,4.101,4.103,-150,-54,12.281,2489,3896,20.0,29.8,399825
2026-05-31T14:20:43.910,4.077,4.099,4.102,-150,-53,12.278,2492,3894,20.0,29.8,399915
2026-05-31T14:20:43.910,4.077,4.098,4.1,-150,-54,12.275,2497,3895,20.0,29.8,400005
2026-05-31T14:20:44.069,4.078,4.093,4.1,-150,-53,12.271,2494,3898,20.0,29.8,400121
2026-05-31T14:20:44.071,4.078,4.093,4.1,-150,-54,12.271,2496,3898,20.0,29.8,400183
2026-05-31T14:20:44.266,4.077,4.094,4.101,-150,-53,12.272,2494,3897,20.0,29.8,400274
2026-05-31T14:20:44.266,4.076,4.094,4.103,-150,-53,12.273,2496,3897,20.0,29.8,400368
2026-05-31T14:20:44.529,4.076,4.094,4.103,-150,-53,12.273,2494,3894,20.0,29.8,400452
2026-05-31T14:20:44.529,4.074,4.097,4.102,-150,-54,12.273,2496,3895,20.0,29.8,400543
2026-05-31T14:20:44.529,4.074,4.098,4.101,-150,-53,12.273,2493,3895,20.0,29.8,400632
2026-05-31T14:20:44.711,4.074,4.098,4.101,-151,-53,12.273,2495,3894,20.0,29.8,400737
2026-05-31T14:20:44.711,4.074,4.098,4.101,-151,-53,12.273,2496,3895,20.0,29.8,400811
2026-05-31T14:20:44.892,4.074,4.097,4.098,-151,-51,12.269,2493,3895,20.0,29.8,400901
2026-05-31T14:20:44.892,4.074,4.094,4.098,-151,-53,12.266,2496,3895,20.0,29.8,400991
2026-05-31T14:20:45.091,4.074,4.094,4.098,-150,-52,12.266,2496,3897,20.0,29.8,401107
2026-05-31T14:20:45.091,4.074,4.094,4.098,-150,-53,12.266,2496,3896,20.0,29.8,401169
2026-05-31T14:20:45.224,4.074,4.093,4.099,-150,-52,12.266,2492,3897,20.0,29.8,401260
2026-05-31T14:20:45.224,4.073,4.094,4.1,-149,-55,12.267,2493,3897,20.0,29.8,401353
2026-05-31T14:20:45.544,4.073,4.094,4.1,-148,-55,12.267,2492,3898,20.0,29.8,401438
2026-05-31T14:20:45.549,4.073,4.094,4.101,-147,-54,12.268,2493,3898,20.0,29.8,401529
2026-05-31T14:20:45.549,4.073,4.094,4.1,-146,-52,12.267,2492,3903,20.0,29.8,401618
2026-05-31T14:20:45.677,4.073,4.094,4.1,-145,-51,12.267,2489,3904,20.0,29.8,401723
2026-05-31T14:20:45.677,4.073,4.094,4.1,-144,-50,12.267,3152,2899,40.0,9.8,401797
2026-05-31T14:20:45.906,4.061,4.09,4.094,-142,98,12.245,4891,1484,40.0,9.8,401887
2026-05-31T14:20:45.906,4.065,4.092,4.097,-135,488,12.254,5102,1090,40.0,9.8,401977
2026-05-31T14:20:46.034,4.066,4.093,4.094,-150,331,12.253,5153,1066,40.0,9.8,402092
2026-05-31T14:20:46.034,4.066,4.093,4.094,-173,198,12.253,5159,1066,40.0,9.8,402155
2026-05-31T14:20:46.210,4.067,4.093,4.097,-183,177,12.257,5163,1064,40.0,9.8,402246
2026-05-31T14:20:46.210,4.067,4.094,4.093,-186,173,12.254,5159,1065,40.0,9.8,402338
2026-05-31T14:20:46.545,4.067,4.094,4.093,-186,174,12.254,5162,1065,40.0,9.8,402424
2026-05-31T14:20:46.545,4.067,4.093,4.097,-186,173,12.257,5161,1065,40.0,9.8,402515
2026-05-31T14:20:46.545,4.067,4.094,4.097,-187,173,12.258,5164,1063,40.0,9.8,402604
2026-05-31T14:20:46.663,4.067,4.094,4.097,-187,172,12.258,5167,1064,40.0,9.8,402708
2026-05-31T14:20:46.663,4.067,4.094,4.097,-186,172,12.258,5175,1063,40.0,9.8,402783
2026-05-31T14:20:46.854,4.067,4.093,4.093,-186,172,12.253,5174,1063,40.0,9.8,402873
2026-05-31T14:20:46.854,4.067,4.093,4.093,-186,172,12.253,5167,1064,40.0,9.8,402963
2026-05-31T14:20:47.041,4.067,4.093,4.093,-186,172,12.253,5162,1063,40.0,9.8,403077
2026-05-31T14:20:47.041,4.067,4.093,4.093,-187,172,12.253,5169,1063,40.0,9.8,403141
2026-05-31T14:20:47.226,4.067,4.093,4.094,-186,173,12.254,5163,1064,40.0,9.8,403232
2026-05-31T14:20:47.226,4.067,4.093,4.093,-187,172,12.253,5159,1065,40.0,9.8,403324
2026-05-31T14:20:47.516,4.067,4.093,4.093,-188,173,12.253,5159,1065,40.0,9.8,403410
2026-05-31T14:20:47.516,4.067,4.093,4.09,-188,173,12.25,5158,1064,40.0,9.8,403501
2026-05-31T14:20:47.516,4.067,4.09,4.091,-187,173,12.248,5154,1064,40.0,9.8,403590
2026-05-31T14:20:47.648,4.067,4.087,4.09,-187,174,12.244,5159,1065,40.0,9.8,403693
2026-05-31T14:20:47.648,4.067,4.087,4.09,-188,175,12.244,5157,1065,40.0,9.8,403769
2026-05-31T14:20:47.842,4.067,4.087,4.093,-187,174,12.247,5154,1063,40.0,9.8,403859
2026-05-31T14:20:47.843,4.067,4.089,4.089,-188,174,12.245,5157,1065,40.0,9.8,403949
2026-05-31T14:20:48.041,4.067,4.087,4.092,-188,173,12.246,5159,1063,40.0,9.8,404063
2026-05-31T14:20:48.041,4.067,4.087,4.092,-189,174,12.246,5155,1064,40.0,9.8,404127
2026-05-31T14:20:48.208,4.067,4.086,4.091,-189,174,12.244,5161,1062,40.0,9.8,404218
2026-05-31T14:20:48.208,4.067,4.084,4.09,-189,175,12.241,5161,1064,40.0,9.8,404309
2026-05-31T14:20:48.468,4.067,4.084,4.09,-189,174,12.241,5162,1062,40.0,9.8,404396
2026-05-31T14:20:48.469,4.067,4.083,4.094,-188,175,12.244,5163,1063,40.0,9.8,404487
2026-05-31T14:20:48.469,4.067,4.086,4.089,-187,174,12.242,5159,1061,40.0,9.8,404576
2026-05-31T14:20:48.653,4.067,4.084,4.092,-187,174,12.243,5162,1063,40.0,9.8,404679
2026-05-31T14:20:48.653,4.067,4.084,4.092,-188,174,12.243,6883,2331,80.0,49.8,404755
2026-05-31T14:20:48.847,4.006,4.021,4.03,-189,218,12.057,9296,5926,80.0,49.8,404845
2026-05-31T14:20:48.847,3.987,4.012,4.015,-487,329,12.014,9569,6233,80.0,49.8,404935
2026-05-31T14:20:49.037,3.975,4.01,4.008,-796,374,11.993,9564,6253,80.0,49.8,405048
2026-05-31T14:20:49.037,3.975,4.01,4.008,-888,395,11.993,9569,6281,80.0,49.8,405113
2026-05-31T14:20:49.210,3.968,4.005,4.0,-897,394,11.973,9587,6242,80.0,49.8,405204
2026-05-31T14:20:49.210,3.964,3.999,3.996,-897,393,11.959,9554,6268,80.0,49.8,405294
2026-05-31T14:20:49.471,3.964,3.999,3.996,-895,393,11.959,9578,6261,80.0,49.8,405382
2026-05-31T14:20:49.471,3.961,3.996,3.992,-897,394,11.949,9572,6242,80.0,49.8,405473
2026-05-31T14:20:49.471,3.958,3.994,3.99,-897,396,11.942,9558,6254,80.0,49.8,405562
2026-05-31T14:20:49.663,3.957,3.992,3.987,-896,394,11.936,9572,6238,80.0,49.8,405664
2026-05-31T14:20:49.663,3.957,3.992,3.987,-893,390,11.936,9557,6239,80.0,49.8,405741
2026-05-31T14:20:49.853,3.954,3.992,3.982,-890,388,11.928,9557,6240,80.0,49.8,405831
2026-05-31T14:20:49.853,3.952,3.989,3.98,-890,391,11.921,9532,6228,80.0,49.8,405921
2026-05-31T14:20:49.972,3.95,3.987,3.979,-890,391,11.916,9537,6242,80.0,49.8,406034
2026-05-31T14:20:49.972,3.95,3.987,3.979,-888,389,11.916,9563,6227,80.0,49.8,406099
2026-05-31T14:20:50.166,3.946,3.986,3.981,-887,389,11.913,9583,6224,80.0,49.8,406190
2026-05-31T14:20:50.166,3.943,3.985,3.981,-888,390,11.909,9549,6242,80.0,49.8,406280
2026-05-31T14:20:50.462,3.943,3.985,3.981,-889,390,11.909,9577,6240,80.0,49.8,406368
2026-05-31T14:20:50.462,3.941,3.986,3.98,-887,390,11.907,9570,6222,80.0,49.8,406459
2026-05-31T14:20:50.462,3.938,3.987,3.975,-887,390,11.9,9570,6224,80.0,49.8,406548
2026-05-31T14:20:50.605,3.938,3.987,3.969,-887,387,11.894,9534,6234,80.0,49.8,406650
2026-05-31T14:20:50.605,3.938,3.987,3.969,-883,382,11.894,9587,6197,80.0,49.8,406727
2026-05-31T14:20:50.846,3.937,3.986,3.967,-882,380,11.89,9554,6213,80.0,49.8,406817
2026-05-31T14:20:50.846,3.936,3.985,3.965,-882,378,11.886,9570,6213,80.0,49.8,406907
2026-05-31T14:20:50.992,3.936,3.982,3.966,-883,379,11.884,9554,6213,80.0,49.8,407019
2026-05-31T14:20:50.993,3.936,3.982,3.966,-883,380,11.884,9554,6217,80.0,49.8,407085
2026-05-31T14:20:51.148,3.936,3.978,3.968,-882,380,11.882,9523,6213,80.0,49.8,407176
2026-05-31T14:20:51.148,3.935,3.975,3.97,-882,382,11.88,9572,6195,80.0,49.8,407265
2026-05-31T14:20:51.450,3.935,3.975,3.97,-881,382,11.88,9560,6211,80.0,49.8,407354
2026-05-31T14:20:51.450,3.935,3.973,3.971,-881,381,11.879,9517,6220,80.0,49.8,407445
2026-05-31T14:20:51.450,3.935,3.97,3.968,-879,381,11.873,9561,6225,80.0,49.8,407534
2026-05-31T14:20:51.594,3.935,3.969,3.964,-877,382,11.868,9517,6206,80.0,49.8,407635
2026-05-31T14:20:51.594,3.935,3.969,3.964,-877,380,11.868,9404,8240,80.0,89.8,407713
2026-05-31T14:20:51.786,3.889,3.934,3.931,-883,229,11.754,9324,9775,80.0,89.8,407803
2026-05-31T14:20:51.786,3.864,3.912,3.907,-985,-125,11.683,9316,10056,80.0,89.8,407893
2026-05-31T14:20:51.982,3.85,3.9,3.893,-1236,-227,11.643,9331,10160,80.0,89.8,408005
2026-05-31T14:20:51.982,3.85,3.9,3.893,-1404,-227,11.643,9239,10162,80.0,89.8,408071
2026-05-31T14:20:52.140,3.84,3.892,3.885,-1446,-220,11.617,9347,10154,80.0,89.8,408162
2026-05-31T14:20:52.143,3.834,3.886,3.876,-1447,-219,11.596,9316,10162,80.0,89.8,408251
2026-05-31T14:20:52.417,3.834,3.886,3.876,-1446,-218,11.596,9262,10147,80.0,89.8,408340
2026-05-31T14:20:52.417,3.83,3.883,3.866,-1445,-216,11.579,9322,10126,80.0,89.8,408431
2026-05-31T14:20:52.417,3.828,3.881,3.86,-1445,-215,11.569,9331,10164,80.0,89.8,408520
2026-05-31T14:20:52.591,3.826,3.875,3.861,-1445,-214,11.562,9279,10155,80.0,89.8,408621
2026-05-31T14:20:52.591,3.826,3.875,3.861,-1444,-211,11.562,9290,10154,80.0,89.8,408699
2026-05-31T14:20:52.787,3.826,3.868,3.864,-1441,-210,11.558,9331,10150,80.0,89.8,408789
2026-05-31T14:20:52.787,3.825,3.865,3.857,-1440,-208,11.547,9247,10147,80.0,89.8,408879
2026-05-31T14:20:52.957,3.823,3.864,3.853,-1444,-207,11.54,9310,10171,80.0,89.8,408990
2026-05-31T14:20:52.957,3.823,3.864,3.853,-1444,-205,11.54,9300,10179,80.0,89.8,409057
2026-05-31T14:20:53.141,3.823,3.862,3.849,-1442,-198,11.534,9229,10183,80.0,89.8,409148
2026-05-31T14:20:53.141,3.821,3.863,3.847,-1441,-189,11.531,9256,10186,80.0,89.8,409237
2026-05-31T14:20:53.401,3.821,3.863,3.847,-1442,-184,11.531,9295,10174,80.0,89.8,409326
2026-05-31T14:20:53.401,3.817,3.865,3.846,-1442,-187,11.528,9202,10148,80.0,89.8,409417
2026-05-31T14:20:53.401,3.814,3.863,3.849,-1442,-191,11.526,9280,10147,80.0,89.8,409506
2026-05-31T14:20:53.601,3.811,3.86,3.848,-1440,-193,11.519,9275,10154,80.0,89.8,409606
2026-05-31T14:20:53.601,3.811,3.86,3.848,-1440,-195,11.519,9205,10138,80.0,89.8,409685
2026-05-31T14:20:53.758,3.808,3.859,3.845,-1442,-195,11.512,9266,10143,80.0,89.8,409775
2026-05-31T14:20:53.758,3.807,3.858,3.842,-1443,-193,11.507,9306,10133,80.0,89.8,409865
2026-05-31T14:20:53.953,3.806,3.857,3.841,-1441,-195,11.504,9253,10147,80.0,89.8,409976
2026-05-31T14:20:53.953,3.806,3.857,3.841,-1439,-200,11.504,9233,10136,80.0,89.8,410043
2026-05-31T14:20:54.101,3.804,3.858,3.839,-1439,-202,11.501,9298,10118,80.0,89.8,410134
2026-05-31T14:20:54.101,3.804,3.857,3.838,-1441,-203,11.499,9300,10116,80.0,89.8,410223
2026-05-31T14:20:54.403,3.804,3.857,3.838,-1439,-205,11.499,9209,10123,80.0,89.8,410312
2026-05-31T14:20:54.403,3.803,3.854,3.835,-1436,-206,11.492,9270,10128,80.0,89.8,410402
2026-05-31T14:20:54.403,3.803,3.852,3.833,-1436,-206,11.488,9300,10126,80.0,89.8,410492
2026-05-31T14:20:54.547,3.803,3.847,3.833,-1435,-205,11.483,9198,10114,80.0,89.8,410592
2026-05-31T14:20:54.552,3.803,3.847,3.833,-1434,-201,11.483,9369,8503,80.0,60.0,410671
2026-05-31T14:20:54.758,3.838,3.879,3.869,-1412,-65,11.586,9407,7248,80.0,60.0,410761
2026-05-31T14:20:54.758,3.851,3.896,3.881,-1235,288,11.628,9395,7146,80.0,60.0,410851
2026-05-31T14:20:54.909,3.859,3.906,3.888,-1026,307,11.653,9394,7133,80.0,60.0,410961
2026-05-31T14:20:54.909,3.859,3.906,3.888,-977,270,11.653,9420,7153,80.0,60.0,411029
2026-05-31T14:20:55.088,3.863,3.913,3.892,-974,271,11.668,9398,7132,80.0,60.0,411120
2026-05-31T14:20:55.088,3.866,3.916,3.896,-974,272,11.678,9376,7159,80.0,60.0,411209
2026-05-31T14:20:55.392,3.866,3.916,3.896,-974,272,11.678,9419,7154,80.0,60.0,411298
2026-05-31T14:20:55.392,3.868,3.918,3.897,-974,274,11.683,9394,7144,80.0,60.0,411388
2026-05-31T14:20:55.392,3.869,3.919,3.899,-975,275,11.687,9367,7169,80.0,60.0,411478
2026-05-31T14:20:55.535,3.87,3.92,3.9,-975,277,11.69,9389,7148,80.0,60.0,411577
2026-05-31T14:20:55.535,3.87,3.92,3.9,-975,278,11.69,9402,7137,80.0,60.0,411657
2026-05-31T14:20:55.725,3.871,3.92,3.899,-974,275,11.69,9379,7146,80.0,60.0,411747
2026-05-31T14:20:55.728,3.871,3.921,3.901,-973,273,11.693,9419,7136,80.0,60.0,411837
2026-05-31T14:20:55.895,3.871,3.921,3.9,-973,272,11.692,9392,7142,80.0,60.0,411947
2026-05-31T14:20:55.895,3.871,3.921,3.9,-973,270,11.692,9395,7139,80.0,60.0,412015
2026-05-31T14:20:56.105,3.871,3.921,3.899,-972,269,11.691,9405,7125,80.0,60.0,412105
2026-05-31T14:20:56.105,3.871,3.921,3.9,-971,267,11.692,9395,7132,80.0,60.0,412195
2026-05-31T14:20:56.351,3.871,3.921,3.9,-970,264,11.692,9426,7127,80.0,60.0,412284
2026-05-31T14:20:56.353,3.87,3.922,3.899,-969,265,11.691,9417,7121,80.0,60.0,412374
2026-05-31T14:20:56.353,3.87,3.922,3.899,-969,266,11.691,9388,7130,80.0,60.0,412464
2026-05-31T14:20:56.554,3.87,3.922,3.899,-970,268,11.691,9377,7128,80.0,60.0,412562
2026-05-31T14:20:56.554,3.87,3.922,3.899,-971,271,11.691,9399,7139,80.0,60.0,412643
2026-05-31T14:20:56.721,3.87,3.922,3.898,-971,270,11.69,9388,7137,80.0,60.0,412733
2026-05-31T14:20:56.721,3.87,3.922,3.898,-971,271,11.69,9395,7138,80.0,60.0,412823
2026-05-31T14:20:56.971,3.87,3.922,3.898,-972,273,11.69,9388,7137,80.0,60.0,412932
2026-05-31T14:20:56.971,3.87,3.922,3.898,-973,276,11.69,9404,7152,80.0,60.0,413001
2026-05-31T14:20:56.971,3.87,3.922,3.898,-973,276,11.69,9292,7132,80.0,60.0,413091
2026-05-31T14:20:57.158,3.869,3.922,3.897,-974,274,11.688,9394,7159,80.0,60.0,413181
2026-05-31T14:20:57.158,3.869,3.922,3.897,-974,273,11.688,9372,7154,80.0,60.0,413270
2026-05-31T14:20:57.346,3.87,3.922,3.897,-973,276,11.689,9379,7162,80.0,60.0,413360
2026-05-31T14:20:57.346,3.87,3.922,3.897,-974,279,11.689,9363,7163,80.0,60.0,413450
2026-05-31T14:20:57.611,3.869,3.921,3.898,-975,281,11.688,9394,7136,80.0,60.0,413548
2026-05-31T14:20:57.611,3.869,3.921,3.898,-974,277,11.688,7976,8210,29.8,69.8,413629
2026-05-31T14:20:57.611,3.894,3.941,3.928,-970,75,11.763,4597,8474,29.8,69.8,413719
2026-05-31T14:20:57.775,3.909,3.945,3.938,-965,-470,11.792,3901,8520,29.8,69.8,413809
2026-05-31T14:20:57.775,3.914,3.951,3.941,-760,-561,11.806,3827,8505,29.8,69.8,413918
2026-05-31T14:20:58.046,3.914,3.951,3.941,-702,-448,11.806,3810,8502,29.8,69.8,413987
2026-05-31T14:20:58.046,3.917,3.954,3.943,-696,-412,11.814,3830,8503,29.8,69.8,414077
2026-05-31T14:20:58.046,3.92,3.956,3.944,-696,-404,11.82,3821,8499,29.8,69.8,414167
2026-05-31T14:20:58.226,3.92,3.956,3.944,-695,-402,11.82,3814,8494,29.8,69.8,414256
2026-05-31T14:20:58.226,3.922,3.956,3.946,-695,-403,11.824,3827,8498,29.8,69.8,414346
2026-05-31T14:20:58.424,3.926,3.955,3.952,-696,-403,11.833,3826,8496,29.8,69.8,414436
2026-05-31T14:20:58.424,3.928,3.954,3.958,-696,-401,11.84,3818,8510,29.8,69.8,414533
2026-05-31T14:20:58.691,3.928,3.954,3.958,-694,-399,11.84,3818,8500,29.8,69.8,414615
2026-05-31T14:20:58.691,3.929,3.955,3.96,-695,-400,11.844,3833,8498,29.8,69.8,414705
2026-05-31T14:20:58.691,3.93,3.956,3.959,-697,-403,11.845,3828,8486,29.8,69.8,414795
2026-05-31T14:20:58.867,3.931,3.958,3.957,-698,-403,11.846,3823,8491,29.8,69.8,414903
2026-05-31T14:20:58.867,3.931,3.958,3.957,-700,-405,11.846,3822,8499,29.8,69.8,414973
2026-05-31T14:20:59.047,3.932,3.961,3.955,-700,-407,11.848,3835,8497,29.8,69.8,415063
2026-05-31T14:20:59.047,3.933,3.962,3.955,-698,-404,11.85,3827,8507,29.8,69.8,415153
2026-05-31T14:20:59.314,3.933,3.962,3.955,-696,-402,11.85,3818,8504,29.8,69.8,415242
2026-05-31T14:20:59.314,3.933,3.963,3.955,-694,-399,11.851,3819,8503,29.8,69.8,415332
2026-05-31T14:20:59.314,3.934,3.964,3.954,-693,-398,11.852,3833,8500,29.8,69.8,415422
2026-05-31T14:20:59.514,3.934,3.964,3.954,-693,-400,11.852,3822,8504,29.8,69.8,415519
2026-05-31T14:20:59.514,3.934,3.964,3.954,-693,-400,11.852,3823,8499,29.8,69.8,415601
2026-05-31T14:20:59.680,3.934,3.965,3.953,-696,-401,11.852,3835,8496,29.8,69.8,415691
2026-05-31T14:20:59.680,3.934,3.966,3.953,-697,-403,11.853,3835,8492,29.8,69.8,415781
2026-05-31T14:20:59.869,3.934,3.967,3.951,-696,-403,11.852,3821,8507,29.8,69.8,415889
2026-05-31T14:20:59.869,3.934,3.967,3.951,-695,-402,11.852,3828,8513,29.8,69.8,415959
2026-05-31T14:21:00.064,3.935,3.966,3.952,-695,-401,11.853,3831,8510,29.8,69.8,416049
2026-05-31T14:21:00.064,3.935,3.966,3.952,-695,-400,11.853,3831,8519,29.8,69.8,416139
2026-05-31T14:21:00.317,3.935,3.966,3.952,-694,-396,11.853,3817,8527,29.8,69.8,416228
2026-05-31T14:21:00.317,3.935,3.967,3.952,-693,-395,11.854,3826,8519,29.8,69.8,416318
2026-05-31T14:21:00.317,3.935,3.966,3.953,-693,-395,11.854,3835,8517,29.8,69.8,416408
2026-05-31T14:21:00.530,3.935,3.966,3.952,-692,-396,11.853,3817,8519,29.8,69.8,416504
2026-05-31T14:21:00.530,3.935,3.966,3.952,-692,-397,11.853,3826,8511,29.8,69.8,416586
2026-05-31T14:21:00.677,3.935,3.967,3.952,-693,-399,11.854,3843,8508,29.8,69.8,416677
2026-05-31T14:21:00.677,3.935,3.967,3.959,-696,-397,11.861,5086,7657,60.0,60.0,416767
2026-05-31T14:21:00.875,3.928,3.965,3.954,-695,-218,11.847,7081,7206,60.0,60.0,416874
2026-05-31T14:21:00.875,3.928,3.965,3.954,-674,206,11.847,7178,7225,60.0,60.0,416945
2026-05-31T14:21:01.007,3.93,3.964,3.955,-680,97,11.849,7193,7234,60.0,60.0,417035
2026-05-31T14:21:01.007,3.931,3.963,3.955,-715,8,11.849,7183,7234,60.0,60.0,417125
2026-05-31T14:21:01.337,3.931,3.963,3.955,-726,7,11.849,7195,7235,60.0,60.0,417214
2026-05-31T14:21:01.337,3.933,3.963,3.956,-728,10,11.852,7182,7241,60.0,60.0,417304
2026-05-31T14:21:01.337,3.933,3.963,3.955,-729,12,11.851,7181,7240,60.0,60.0,417394
2026-05-31T14:21:01.452,3.933,3.965,3.954,-729,14,11.852,7182,7229,60.0,60.0,417490
2026-05-31T14:21:01.452,3.933,3.965,3.954,-732,13,11.852,7192,7223,60.0,60.0,417572
2026-05-31T14:21:01.693,3.934,3.963,3.956,-735,9,11.853,7202,7219,60.0,60.0,417663
2026-05-31T14:21:01.693,3.934,3.964,3.955,-735,3,11.853,7197,7218,60.0,60.0,417753
2026-05-31T14:21:01.830,3.934,3.964,3.954,-735,-2,11.852,7205,7214,60.0,60.0,417860
2026-05-31T14:21:01.830,3.934,3.964,3.954,-735,-4,11.852,7199,7210,60.0,60.0,417931
2026-05-31T14:21:01.995,3.934,3.965,3.954,-735,-8,11.853,7210,7208,60.0,60.0,418021
2026-05-31T14:21:01.995,3.934,3.964,3.954,-734,-11,11.852,7221,7201,60.0,60.0,418111
2026-05-31T14:21:02.260,3.934,3.964,3.954,-733,-13,11.852,7223,7201,60.0,60.0,418200
2026-05-31T14:21:02.260,3.934,3.965,3.954,-732,-15,11.853,7228,7201,60.0,60.0,418290
2026-05-31T14:21:02.260,3.934,3.964,3.954,-732,-15,11.852,7215,7200,60.0,60.0,418380
2026-05-31T14:21:02.438,3.934,3.964,3.954,-733,-14,11.852,7226,7206,60.0,60.0,418475
2026-05-31T14:21:02.438,3.934,3.964,3.954,-733,-12,11.852,7220,7208,60.0,60.0,418559
2026-05-31T14:21:02.634,3.934,3.965,3.954,-734,-10,11.853,7216,7208,60.0,60.0,418649
2026-05-31T14:21:02.634,3.934,3.964,3.955,-736,-7,11.853,7216,7213,60.0,60.0,418739
2026-05-31T14:21:02.817,3.935,3.964,3.955,-736,-5,11.854,7206,7213,60.0,60.0,418845
2026-05-31T14:21:02.817,3.935,3.964,3.955,-736,-5,11.854,7206,7217,60.0,60.0,418917
2026-05-31T14:21:03.020,3.934,3.965,3.954,-736,-4,11.853,7205,7227,60.0,60.0,419007
2026-05-31T14:21:03.020,3.934,3.966,3.953,-734,0,11.853,7204,7224,60.0,60.0,419097
2026-05-31T14:21:03.276,3.934,3.966,3.953,-733,0,11.853,7204,7224,60.0,60.0,419186
2026-05-31T14:21:03.276,3.934,3.965,3.954,-731,-1,11.853,7194,7233,60.0,60.0,419276
2026-05-31T14:21:03.276,3.934,3.966,3.953,-733,0,11.853,7192,7231,60.0,60.0,419366
2026-05-31T14:21:03.446,3.934,3.966,3.952,-733,0,11.852,7198,7226,60.0,60.0,419461
2026-05-31T14:21:03.454,3.934,3.966,3.952,-734,-3,11.852,7204,7216,60.0,60.0,419544
2026-05-31T14:21:03.636,3.935,3.966,3.953,-735,-7,11.854,7211,7205,60.0,60.0,419635
2026-05-31T14:21:03.636,3.936,3.978,3.962,-736,-19,11.876,6411,8686,49.8,89.8,419725
2026-05-31T14:21:03.827,3.904,3.946,3.935,-744,-185,11.785,5849,10293,49.8,89.8,419831
2026-05-31T14:21:03.827,3.904,3.946,3.935,-885,-540,11.785,6487,10309,49.8,89.8,419903
2026-05-31T14:21:04.044,3.887,3.924,3.92,-1103,-583,11.731,6109,10282,49.8,89.8,419993
2026-05-31T14:21:04.044,3.874,3.913,3.908,-1149,-555,11.695,5714,10314,49.8,89.8,420083
2026-05-31T14:21:04.135,3.865,3.907,3.899,-1148,-547,11.671,6435,10302,49.8,89.8,420200
2026-05-31T14:21:04.135,3.865,3.907,3.899,-1148,-544,11.671,6133,10233,49.8,89.8,420262
2026-05-31T14:21:04.333,3.86,3.903,3.894,-1150,-542,11.657,5712,10258,49.8,89.8,420352
2026-05-31T14:21:04.333,3.855,3.902,3.891,-1151,-547,11.648,5767,10281,49.8,89.8,420446
2026-05-31T14:21:04.675,3.855,3.902,3.891,-1152,-547,11.648,6437,10266,49.8,89.8,420530
2026-05-31T14:21:04.675,3.852,3.901,3.888,-1154,-550,11.641,6111,10205,49.8,89.8,420621
2026-05-31T14:21:04.675,3.851,3.9,3.884,-1155,-552,11.635,5817,10244,49.8,89.8,420710
2026-05-31T14:21:04.778,3.849,3.898,3.882,-1156,-553,11.629,6425,10258,49.8,89.8,420816
2026-05-31T14:21:04.778,3.849,3.898,3.882,-1154,-555,11.629,6212,10261,49.8,89.8,420889
2026-05-31T14:21:04.971,3.849,3.895,3.879,-1153,-555,11.623,5851,10254,49.8,89.8,420979
2026-05-31T14:21:04.971,3.848,3.891,3.879,-1151,-554,11.618,6401,10284,49.8,89.8,421069
2026-05-31T14:21:05.159,3.847,3.888,3.879,-1147,-552,11.614,6455,10261,49.8,89.8,421186
2026-05-31T14:21:05.159,3.847,3.888,3.879,-1146,-552,11.614,6137,10256,49.8,89.8,421248
2026-05-31T14:21:05.315,3.847,3.885,3.879,-1144,-552,11.611,5866,10245,49.8,89.8,421338
2026-05-31T14:21:05.315,3.847,3.883,3.88,-1142,-551,11.61,6039,10282,49.8,89.8,421432
2026-05-31T14:21:05.593,3.847,3.883,3.88,-1137,-546,11.61,6432,10311,49.8,89.8,421516
2026-05-31T14:21:05.593,3.847,3.883,3.878,-1134,-540,11.608,6368,10256,49.8,89.8,421607
2026-05-31T14:21:05.593,3.847,3.882,3.879,-1134,-537,11.608,5828,10247,49.8,89.8,421696
2026-05-31T14:21:05.771,3.847,3.881,3.879,-1135,-536,11.607,6464,10284,49.8,89.8,421801
2026-05-31T14:21:05.771,3.847,3.881,3.879,-1134,-537,11.607,6469,10282,49.8,89.8,421875
2026-05-31T14:21:05.944,3.846,3.881,3.879,-1133,-538,11.606,6437,10235,49.8,89.8,421965
2026-05-31T14:21:05.950,3.846,3.881,3.876,-1135,-541,11.603,6454,10211,49.8,89.8,422055
2026-05-31T14:21:06.150,3.846,3.88,3.875,-1137,-546,11.601,5732,10231,49.8,89.8,422171
2026-05-31T14:21:06.150,3.846,3.88,3.875,-1140,-547,11.601,6104,10256,49.8,89.8,422233
2026-05-31T14:21:06.330,3.845,3.881,3.869,-1139,-547,11.595,5824,10245,49.8,89.8,422324
2026-05-31T14:21:06.330,3.845,3.882,3.867,-1138,-548,11.594,5726,10211,49.8,89.8,422417
2026-05-31T14:21:06.579,3.845,3.882,3.867,-1139,-550,11.594,5730,10228,49.8,89.8,422502
2026-05-31T14:21:06.579,3.845,3.88,3.863,-1141,-554,11.588,5880,10245,49.8,89.8,422593
2026-05-31T14:21:06.579,3.844,3.88,3.861,-1141,-554,11.585,6231,10254,49.8,89.8,422682
2026-05-31T14:21:06.764,3.843,3.879,3.859,-1139,-550,11.581,6095,10251,49.8,89.8,422787
2026-05-31T14:21:06.764,3.843,3.879,3.859,-1139,-547,11.581,7437,10124,69.8,89.8,422861
2026-05-31T14:21:06.957,3.819,3.862,3.847,-1148,-454,11.528,7555,10152,69.8,89.8,422951
2026-05-31T14:21:06.957,3.812,3.86,3.843,-1221,-223,11.515,8349,10174,69.8,89.8,423041
2026-05-31T14:21:07.105,3.809,3.859,3.84,-1301,-264,11.508,8831,10159,69.8,89.8,423157
2026-05-31T14:21:07.105,3.809,3.859,3.84,-1321,-309,11.508,8856,10167,69.8,89.8,423219
2026-05-31T14:21:07.283,3.807,3.858,3.839,-1322,-312,11.504,8041,10197,69.8,89.8,423310
2026-05-31T14:21:07.283,3.805,3.858,3.837,-1317,-308,11.5,8099,10209,69.8,89.8,423403
2026-05-31T14:21:07.632,3.805,3.858,3.837,-1311,-301,11.5,7711,10204,69.8,89.8,423488
2026-05-31T14:21:07.632,3.804,3.857,3.836,-1307,-295,11.497,8211,10191,69.8,89.8,423579
2026-05-31T14:21:07.632,3.804,3.853,3.833,-1307,-296,11.49,8234,10183,69.8,89.8,423668
2026-05-31T14:21:07.732,3.803,3.85,3.831,-1310,-299,11.484,7644,10176,69.8,89.8,423772
2026-05-31T14:21:07.732,3.803,3.85,3.831,-1312,-303,11.484,8442,10167,69.8,89.8,423847
2026-05-31T14:21:07.945,3.803,3.846,3.829,-1314,-305,11.478,8039,10159,69.8,89.8,423937
2026-05-31T14:21:07.945,3.803,3.844,3.83,-1315,-309,11.477,8009,10164,69.8,89.8,424027
2026-05-31T14:21:08.090,3.802,3.842,3.829,-1314,-312,11.473,8801,10147,69.8,89.8,424142
2026-05-31T14:21:08.092,3.802,3.842,3.829,-1312,-312,11.473,8817,10150,69.8,89.8,424205
2026-05-31T14:21:08.307,3.803,3.839,3.83,-1311,-313,11.472,8265,10157,69.8,89.8,424296
2026-05-31T14:21:08.307,3.803,3.838,3.83,-1311,-313,11.471,7881,10159,69.8,89.8,424388
2026-05-31T14:21:08.548,3.803,3.838,3.83,-1312,-311,11.471,7874,10167,69.8,89.8,424474
2026-05-31T14:21:08.548,3.802,3.838,3.83,-1312,-309,11.47,8591,10140,69.8,89.8,424565
2026-05-31T14:21:08.548,3.801,3.838,3.827,-1311,-306,11.466,8616,10138,69.8,89.8,424654
2026-05-31T14:21:08.731,3.801,3.838,3.825,-1314,-305,11.464,8121,10155,69.8,89.8,424758
2026-05-31T14:21:08.731,3.801,3.838,3.825,-1317,-302,11.464,7769,10150,69.8,89.8,424833
2026-05-31T14:21:08.935,3.799,3.839,3.821,-1318,-300,11.459,7570,10131,69.8,89.8,424923
2026-05-31T14:21:08.935,3.798,3.838,3.819,-1318,-301,11.455,8266,10119,69.8,89.8,425013
2026-05-31T14:21:09.100,3.795,3.838,3.818,-1318,-305,11.451,8734,10123,69.8,89.8,425128
2026-05-31T14:21:09.100,3.795,3.838,3.818,-1318,-310,11.451,8683,10136,69.8,89.8,425191
2026-05-31T14:21:09.249,3.793,3.836,3.818,-1316,-308,11.447,7982,10138,69.8,89.8,425282
2026-05-31T14:21:09.249,3.792,3.834,3.819,-1315,-305,11.445,7869,10131,69.8,89.8,425374
2026-05-31T14:21:09.542,3.792,3.834,3.819,-1315,-301,11.445,7863,10140,69.8,89.8,425460
2026-05-31T14:21:09.552,3.79,3.833,3.821,-1316,-300,11.444,8575,10109,69.8,89.8,425551
2026-05-31T14:21:09.552,3.787,3.835,3.821,-1316,-302,11.443,8669,10107,69.8,89.8,425640
2026-05-31T14:21:09.696,3.786,3.835,3.822,-1315,-303,11.443,8580,10112,69.8,89.8,425743
2026-05-31T14:21:09.700,3.786,3.835,3.822,-1314,-307,11.443,6933,9158,60.0,69.8,425819
2026-05-31T14:21:09.891,3.827,3.863,3.852,-1311,-291,11.542,7148,8364,60.0,69.8,425909
2026-05-31T14:21:09.891,3.843,3.871,3.867,-1234,-205,11.581,7151,8316,60.0,69.8,425999
2026-05-31T14:21:10.082,3.851,3.878,3.873,-1014,-173,11.602,7112,8310,60.0,69.8,426113
2026-05-31T14:21:10.082,3.851,3.878,3.873,-908,-170,11.602,7155,8313,60.0,69.8,426177
2026-05-31T14:21:10.276,3.857,3.884,3.876,-893,-169,11.617,7111,8319,60.0,69.8,426268
2026-05-31T14:21:10.276,3.862,3.887,3.881,-890,-167,11.63,7115,8324,60.0,69.8,426359
2026-05-31T14:21:10.555,3.862,3.887,3.881,-888,-165,11.63,7178,8314,60.0,69.8,426446
2026-05-31T14:21:10.555,3.864,3.89,3.884,-887,-162,11.638,7149,8311,60.0,69.8,426537
2026-05-31T14:21:10.555,3.866,3.893,3.886,-887,-166,11.645,7075,8312,60.0,69.8,426626
2026-05-31T14:21:10.720,3.867,3.894,3.888,-888,-172,11.649,7084,8321,60.0,69.8,426729
2026-05-31T14:21:10.720,3.867,3.894,3.888,-888,-169,11.649,7162,8328,60.0,69.8,426805
2026-05-31T14:21:10.879,3.868,3.896,3.89,-889,-164,11.654,7191,8333,60.0,69.8,426895
2026-05-31T14:21:10.879,3.868,3.899,3.891,-891,-162,11.658,7048,8334,60.0,69.8,426985
2026-05-31T14:21:11.073,3.868,3.899,3.892,-891,-157,11.659,7177,8321,60.0,69.8,427098
2026-05-31T14:21:11.073,3.868,3.899,3.892,-892,-157,11.659,7111,8319,60.0,69.8,427163
2026-05-31T14:21:11.229,3.868,3.9,3.891,-894,-159,11.659,7161,8322,60.0,69.8,427254
2026-05-31T14:21:11.229,3.868,3.901,3.891,-896,-160,11.66,7156,8331,60.0,69.8,427345
2026-05-31T14:21:11.515,3.868,3.901,3.891,-897,-162,11.66,7082,8320,60.0,69.8,427432
2026-05-31T14:21:11.515,3.869,3.901,3.891,-897,-159,11.661,7112,8327,60.0,69.8,427522
2026-05-31T14:21:11.515,3.868,3.902,3.89,-897,-159,11.66,7155,8332,60.0,69.8,427612
2026-05-31T14:21:11.722,3.869,3.901,3.891,-896,-159,11.661,7157,8329,60.0,69.8,427714
2026-05-31T14:21:11.722,3.869,3.901,3.891,-896,-156,11.661,7081,8324,60.0,69.8,427791
2026-05-31T14:21:11.881,3.869,3.901,3.891,-896,-156,11.661,7103,8319,60.0,69.8,427881
2026-05-31T14:21:11.881,3.869,3.902,3.891,-897,-158,11.662,7114,8320,60.0,69.8,427971
2026-05-31T14:21:12.031,3.869,3.902,3.891,-896,-161,11.662,7120,8307,60.0,69.8,428084
2026-05-31T14:21:12.031,3.869,3.902,3.891,-896,-163,11.662,7165,8305,60.0,69.8,428149
2026-05-31T14:21:12.238,3.868,3.902,3.891,-895,-167,11.661,7097,8305,60.0,69.8,428240
2026-05-31T14:21:12.238,3.868,3.902,3.891,-897,-170,11.661,7114,8332,60.0,69.8,428330
2026-05-31T14:21:12.564,3.868,3.902,3.891,-896,-168,11.661,7154,8332,60.0,69.8,428418
2026-05-31T14:21:12.564,3.868,3.902,3.891,-893,-163,11.661,7197,8329,60.0,69.8,428508
2026-05-31T14:21:12.564,3.869,3.902,3.892,-893,-159,11.663,7080,8321,60.0,69.8,428598
2026-05-31T14:21:12.672,3.869,3.902,3.891,-893,-161,11.662,7117,8318,60.0,69.8,428700
2026-05-31T14:21:12.672,3.869,3.902,3.891,-892,-165,11.662,5557,6747,29.8,9.8,428777
2026-05-31T14:21:12.858,3.913,3.945,3.932,-865,-150,11.79,4060,4234,29.8,9.8,428867
2026-05-31T14:21:12.859,3.93,3.962,3.945,-602,-20,11.837,3827,2035,29.8,9.8,428957
2026-05-31T14:21:13.044,3.94,3.965,3.954,-262,91,11.859,3789,1190,29.8,9.8,429069
2026-05-31T14:21:13.044,3.94,3.965,3.954,-141,232,11.859,3781,1057,29.8,9.8,429135
2026-05-31T14:21:13.220,3.947,3.966,3.965,-89,122,11.878,3784,1024,29.8,9.8,429225
2026-05-31T14:21:13.220,3.951,3.97,3.969,-84,89,11.89,3778,1023,29.8,9.8,429316
2026-05-31T14:21:13.474,3.951,3.97,3.969,-85,85,11.89,3779,1025,29.8,9.8,429404
2026-05-31T14:21:13.474,3.953,3.977,3.967,-86,86,11.897,3783,1024,29.8,9.8,429494
2026-05-31T14:21:13.474,3.955,3.981,3.966,-87,87,11.902,3799,1026,29.8,9.8,429584
2026-05-31T14:21:13.649,3.956,3.985,3.971,-88,88,11.912,3806,1025,29.8,9.8,429685
2026-05-31T14:21:13.649,3.956,3.985,3.971,-88,90,11.912,3800,1026,29.8,9.8,429762
2026-05-31T14:21:13.838,3.956,3.987,3.975,-89,90,11.918,3799,1026,29.8,9.8,429853
2026-05-31T14:21:13.841,3.957,3.987,3.981,-90,90,11.925,3794,1027,29.8,9.8,429942
2026-05-31T14:21:14.005,3.957,3.988,3.984,-91,88,11.929,3795,1026,29.8,9.8,430055
2026-05-31T14:21:14.005,3.957,3.988,3.984,-91,89,11.929,3792,1027,29.8,9.8,430121
2026-05-31T14:21:14.203,3.957,3.99,3.984,-93,91,11.931,3791,1028,29.8,9.8,430211
2026-05-31T14:21:14.203,3.958,3.991,3.983,-94,93,11.932,3787,1028,29.8,9.8,430301
2026-05-31T14:21:14.476,3.958,3.991,3.983,-95,91,11.932,3778,1030,29.8,9.8,430390
2026-05-31T14:21:14.476,3.96,3.993,3.986,-94,91,11.939,3784,1029,29.8,9.8,430480
2026-05-31T14:21:14.476,3.961,3.998,3.987,-94,91,11.946,3791,1029,29.8,9.8,430570
2026-05-31T14:21:14.668,3.964,3.999,3.985,-94,92,11.948,3796,1029,29.8,9.8,430671
2026-05-31T14:21:14.668,3.964,3.999,3.985,-92,90,11.948,3790,1029,29.8,9.8,430748
2026-05-31T14:21:14.851,3.967,3.998,3.989,-92,90,11.954,3788,1028,29.8,9.8,430839
2026-05-31T14:21:14.851,3.97,3.996,3.991,-91,90,11.957,3790,1030,29.8,9.8,430928
2026-05-31T14:21:15.075,3.973,3.994,3.992,-91,91,11.959,3798,1031,29.8,9.8,431040
2026-05-31T14:21:15.075,3.973,3.994,3.992,-92,93,11.959,3807,1031,29.8,9.8,431107
2026-05-31T14:21:15.166,3.975,3.993,3.993,-93,93,11.961,3802,1029,29.8,9.8,431197
2026-05-31T14:21:15.166,3.976,3.992,3.993,-92,92,11.961,3803,1033,29.8,9.8,431287
2026-05-31T14:21:15.503,3.976,3.992,3.993,-90,92,11.961,3795,1031,29.8,9.8,431376
2026-05-31T14:21:15.503,3.976,3.993,3.993,-90,92,11.962,3803,1032,29.8,9.8,431466
2026-05-31T14:21:15.503,3.978,3.993,3.993,-90,92,11.964,3794,1031,29.8,9.8,431556
2026-05-31T14:21:15.671,3.978,3.995,3.997,-90,92,11.97,3805,1032,29.8,9.8,431656
2026-05-31T14:21:15.671,3.978,3.995,3.997,-90,89,11.97,2803,1032,9.8,9.8,431734
2026-05-31T14:21:15.880,3.981,4.0,3.999,-90,-33,11.98,1491,1021,9.8,9.8,431825
2026-05-31T14:21:15.880,3.98,4.004,4.001,-34,-208,11.985,1030,1008,9.8,9.8,431914
2026-05-31T14:21:15.994,3.981,4.006,4.002,-12,-76,11.989,977,1006,9.8,9.8,432026
2026-05-31T14:21:15.994,3.981,4.006,4.002,-9,-11,11.989,977,1006,9.8,9.8,432093
2026-05-31T14:21:16.174,3.981,4.008,4.001,-9,0,11.99,976,1006,9.8,9.8,432183
2026-05-31T14:21:16.174,3.982,4.008,4.004,-9,3,11.994,974,1006,9.8,9.8,432273
2026-05-31T14:21:16.481,3.982,4.008,4.004,-9,5,11.994,973,1006,9.8,9.8,432362
2026-05-31T14:21:16.481,3.982,4.01,4.008,-9,7,12.0,978,1007,9.8,9.8,432452
2026-05-31T14:21:16.481,3.984,4.012,4.008,-9,8,12.004,974,1006,9.8,9.8,432542
2026-05-31T14:21:16.636,3.984,4.015,4.008,-9,8,12.007,982,1008,9.8,9.8,432642
2026-05-31T14:21:16.636,3.984,4.015,4.008,-8,8,12.007,969,1007,9.8,9.8,432720
2026-05-31T14:21:16.799,3.985,4.019,4.008,-8,7,12.012,970,1006,9.8,9.8,432811
2026-05-31T14:21:16.799,3.988,4.019,4.008,-9,7,12.015,969,1007,9.8,9.8,432900
2026-05-31T14:21:16.972,3.989,4.02,4.007,-9,6,12.016,979,1006,9.8,9.8,433011
2026-05-31T14:21:16.972,3.989,4.02,4.007,-10,7,12.016,982,1007,9.8,9.8,433079
2026-05-31T14:21:17.161,3.99,4.019,4.007,-10,8,12.016,982,1008,9.8,9.8,433169
2026-05-31T14:21:17.161,3.992,4.019,4.007,-10,7,12.018,974,1009,9.8,9.8,433259
2026-05-31T14:21:17.421,3.992,4.019,4.007,-10,8,12.018,975,1009,9.8,9.8,433348
2026-05-31T14:21:17.421,3.995,4.015,4.007,-10,9,12.017,978,1009,9.8,9.8,433438
2026-05-31T14:21:17.421,3.997,4.014,4.008,-9,9,12.019,975,1010,9.8,9.8,433528
2026-05-31T14:21:17.625,3.998,4.013,4.011,-9,9,12.022,976,1009,9.8,9.8,433627
2026-05-31T14:21:17.625,3.998,4.013,4.011,-8,9,12.022,980,1011,9.8,9.8,433706
2026-05-31T14:21:17.827,3.999,4.013,4.013,-8,10,12.025,981,1010,9.8,9.8,433796
2026-05-31T14:21:17.827,3.999,4.013,4.012,-9,10,12.024,984,1010,9.8,9.8,433886
2026-05-31T14:21:17.952,4.0,4.013,4.014,-9,9,12.027,983,1009,9.8,9.8,433997
2026-05-31T14:21:17.960,4.0,4.013,4.014,-9,9,12.027,983,1009,9.8,9.8,434065
2026-05-31T14:21:18.150,4.001,4.013,4.017,-9,9,12.031,976,1009,9.8,9.8,434155
2026-05-31T14:21:18.150,4.001,4.013,4.021,-9,9,12.035,982,1011,9.8,9.8,434245
2026-05-31T14:21:18.421,4.001,4.013,4.021,-8,9,12.035,975,1010,9.8,9.8,434333
2026-05-31T14:21:18.421,4.001,4.013,4.024,-8,8,12.038,971,1010,9.8,9.8,434424
2026-05-31T14:21:18.421,4.001,4.014,4.025,-8,8,12.04,976,1011,9.8,9.8,434513
2026-05-31T14:21:18.618,4.001,4.015,4.025,-8,9,12.041,977,1010,9.8,9.8,434612
2026-05-31T14:21:18.618,4.001,4.015,4.025,-8,10,12.041,1933,1217,69.8,60.0,434692
2026-05-31T14:21:18.835,3.984,4.005,3.994,-9,65,11.983,6657,5851,69.8,60.0,434782
2026-05-31T14:21:18.836,3.942,3.977,3.968,-41,178,11.887,8299,7145,69.8,60.0,434872
2026-05-31T14:21:18.931,3.93,3.964,3.957,-270,232,11.851,8462,7249,69.8,60.0,434982
2026-05-31T14:21:18.931,3.93,3.964,3.957,-663,192,11.851,8500,7233,69.8,60.0,435050
2026-05-31T14:21:19.157,3.923,3.957,3.95,-841,153,11.83,8476,7226,69.8,60.0,435141
2026-05-31T14:21:19.157,3.919,3.952,3.946,-869,141,11.817,8474,7224,69.8,60.0,435230
2026-05-31T14:21:19.431,3.919,3.952,3.946,-870,139,11.817,8456,7236,69.8,60.0,435319
2026-05-31T14:21:19.431,3.917,3.949,3.941,-868,139,11.807,8505,7234,69.8,60.0,435410
2026-05-31T14:21:19.431,3.915,3.948,3.938,-866,138,11.801,8492,7246,69.8,60.0,435499
2026-05-31T14:21:19.558,3.913,3.944,3.935,-868,138,11.792,8496,7241,69.8,60.0,435598
2026-05-31T14:21:19.558,3.913,3.944,3.935,-870,139,11.792,8485,7221,69.8,60.0,435678
2026-05-31T14:21:19.760,3.912,3.943,3.931,-870,138,11.786,8499,7212,69.8,60.0,435768
2026-05-31T14:21:19.760,3.91,3.941,3.929,-867,135,11.78,8476,7212,69.8,60.0,435858
2026-05-31T14:21:19.981,3.908,3.938,3.931,-865,133,11.777,8486,7223,69.8,60.0,435968
2026-05-31T14:21:19.981,3.908,3.938,3.931,-866,132,11.777,8461,7223,69.8,60.0,436036
2026-05-31T14:21:20.153,3.906,3.937,3.932,-867,132,11.775,8487,7221,69.8,60.0,436127
2026-05-31T14:21:20.155,3.904,3.936,3.933,-867,132,11.773,8479,7215,69.8,60.0,436216
2026-05-31T14:21:20.443,3.904,3.936,3.933,-867,132,11.773,8472,7215,69.8,60.0,436305
2026-05-31T14:21:20.443,3.901,3.938,3.932,-867,132,11.771,8466,7203,69.8,60.0,436395
2026-05-31T14:21:20.443,3.898,3.939,3.93,-866,132,11.767,8480,7202,69.8,60.0,436485
2026-05-31T14:21:20.546,3.897,3.94,3.931,-865,131,11.768,8478,7208,69.8,60.0,436583
2026-05-31T14:21:20.546,3.897,3.94,3.931,-864,131,11.768,8451,7209,69.8,60.0,436664
2026-05-31T14:21:20.782,3.895,3.942,3.925,-863,132,11.762,8448,7224,69.8,60.0,436754
2026-05-31T14:21:20.782,3.894,3.942,3.922,-862,134,11.758,8468,7227,69.8,60.0,436844
2026-05-31T14:21:20.912,3.893,3.942,3.92,-861,135,11.755,8448,7215,69.8,60.0,436953
2026-05-31T14:21:20.912,3.893,3.942,3.92,-861,135,11.755,8467,7220,69.8,60.0,437022
2026-05-31T14:21:21.104,3.892,3.941,3.917,-861,134,11.75,8463,7221,69.8,60.0,437113
2026-05-31T14:21:21.104,3.892,3.938,3.918,-860,134,11.748,8473,7211,69.8,60.0,437202
2026-05-31T14:21:21.395,3.892,3.938,3.918,-862,136,11.748,8431,7215,69.8,60.0,437291
2026-05-31T14:21:21.395,3.892,3.936,3.918,-863,137,11.746,8430,7211,69.8,60.0,437381
2026-05-31T14:21:21.395,3.891,3.934,3.92,-862,137,11.745,8476,7221,69.8,60.0,437471
2026-05-31T14:21:21.538,3.891,3.932,3.922,-860,136,11.745,8455,7224,69.8,60.0,437569
2026-05-31T14:21:21.538,3.891,3.932,3.922,-859,136,11.745,7981,6613,40.0,40.0,437649
2026-05-31T14:21:21.723,3.927,3.963,3.96,-850,121,11.85,5451,5304,40.0,40.0,437740
2026-05-31T14:21:21.723,3.939,3.971,3.963,-704,-24,11.873,5127,5140,40.0,40.0,437830
2026-05-31T14:21:21.911,3.946,3.972,3.969,-447,-73,11.887,5076,5115,40.0,40.0,437939
2026-05-31T14:21:21.912,3.946,3.972,3.969,-359,-10,11.887,5063,5112,40.0,40.0,438008
2026-05-31T14:21:22.123,3.95,3.974,3.971,-348,0,11.895,5065,5108,40.0,40.0,438098
2026-05-31T14:21:22.123,3.953,3.976,3.971,-347,0,11.9,5060,5109,40.0,40.0,438188
2026-05-31T14:21:22.355,3.953,3.976,3.971,-347,0,11.9,5061,5108,40.0,40.0,438277
2026-05-31T14:21:22.355,3.955,3.978,3.971,-347,0,11.904,5061,5107,40.0,40.0,438367
2026-05-31T14:21:22.355,3.955,3.982,3.968,-346,2,11.905,5065,5108,40.0,40.0,438457
2026-05-31T14:21:22.515,3.956,3.983,3.968,-346,4,11.907,5069,5110,40.0,40.0,438555
2026-05-31T14:21:22.515,3.956,3.983,3.968,-347,5,11.907,5064,5110,40.0,40.0,438635
2026-05-31T14:21:22.711,3.957,3.984,3.967,-347,3,11.908,5076,5108,40.0,40.0,438726
2026-05-31T14:21:22.711,3.957,3.986,3.967,-347,1,11.91,5073,5108,40.0,40.0,438815
2026-05-31T14:21:22.976,3.957,3.987,3.967,-346,0,11.911,5085,5106,40.0,40.0,438924
2026-05-31T14:21:22.976,3.957,3.987,3.967,-345,-3,11.911,5098,5108,40.0,40.0,438994
2026-05-31T14:21:22.976,3.957,3.987,3.97,-344,-5,11.914,5090,5108,40.0,40.0,439084
2026-05-31T14:21:23.177,3.957,3.988,3.971,-345,-8,11.916,5083,5109,40.0,40.0,439174
2026-05-31T14:21:23.177,3.957,3.988,3.971,-344,-9,11.916,5083,5108,40.0,40.0,439263
2026-05-31T14:21:23.370,3.957,3.988,3.974,-344,-9,11.919,5080,5108,40.0,40.0,439353
2026-05-31T14:21:23.370,3.957,3.988,3.977,-343,-7,11.922,5071,5107,40.0,40.0,439443
2026-05-31T14:21:23.614,3.957,3.989,3.979,-344,-4,11.925,5077,5106,40.0,40.0,439540
2026-05-31T14:21:23.614,3.957,3.989,3.979,-344,-1,11.925,5076,5108,40.0,40.0,439621
2026-05-31T14:21:23.614,3.957,3.989,3.98,-346,-1,11.926,5073,5109,40.0,40.0,439712
2026-05-31T14:21:23.777,3.957,3.989,3.981,-347,-1,11.927,5074,5129,40.0,40.0,439801
2026-05-31T14:21:23.777,3.957,3.989,3.982,-345,0,11.928,5073,5126,40.0,40.0,439910
2026-05-31T14:21:24.055,3.957,3.989,3.982,-345,0,11.928,5067,5127,40.0,40.0,439980
2026-05-31T14:21:24.055,3.957,3.989,3.984,-346,3,11.93,5073,5128,40.0,40.0,440070
2026-05-31T14:21:24.055,3.957,3.989,3.984,-347,6,11.93,5073,5127,40.0,40.0,440160
2026-05-31T14:21:24.248,3.957,3.989,3.984,-348,8,11.93,5078,5128,40.0,40.0,440249
2026-05-31T14:21:24.252,3.957,3.99,3.985,-350,6,11.932,5073,5125,40.0,40.0,440339
2026-05-31T14:21:24.412,3.957,3.989,3.987,-350,4,11.933,5068,5127,40.0,40.0,440429
2026-05-31T14:21:24.412,3.957,3.989,3.987,-348,2,11.933,5062,5132,40.0,40.0,440525
2026-05-31T14:21:24.714,3.957,3.989,3.987,-347,0,11.933,5071,5126,40.0,40.0,440607
2026-05-31T14:21:24.714,3.957,3.99,3.987,-346,1,11.934,6938,7254,89.8,80.0,440698
2026-05-31T14:21:24.714,3.869,3.92,3.92,-346,22,11.709,10021,9017,89.8,80.0,440787
2026-05-31T14:21:24.854,3.842,3.896,3.883,-852,157,11.621,10190,9090,89.8,80.0,440895
2026-05-31T14:21:24.854,3.842,3.896,3.883,-1278,180,11.621,10251,9107,89.8,80.0,440966
2026-05-31T14:21:25.049,3.827,3.877,3.859,-1368,113,11.563,10138,9093,89.8,80.0,441056
2026-05-31T14:21:25.049,3.817,3.86,3.848,-1374,99,11.525,10147,9121,89.8,80.0,441146
2026-05-31T14:21:25.302,3.817,3.86,3.848,-1374,98,11.525,10249,9121,89.8,80.0,441235
2026-05-31T14:21:25.302,3.81,3.852,3.838,-1376,104,11.5,10140,9124,89.8,80.0,441325
2026-05-31T14:21:25.302,3.805,3.846,3.829,-1375,108,11.48,10224,9129,89.8,80.0,441415
2026-05-31T14:21:25.498,3.798,3.842,3.825,-1372,112,11.465,10094,9119,89.8,80.0,441511
2026-05-31T14:21:25.498,3.798,3.842,3.825,-1371,119,11.465,10216,9119,89.8,80.0,441593
2026-05-31T14:21:25.666,3.792,3.839,3.824,-1370,117,11.455,10075,9104,89.8,80.0,441683
2026-05-31T14:21:25.666,3.788,3.838,3.82,-1369,113,11.446,10106,9126,89.8,80.0,441773
2026-05-31T14:21:25.840,3.785,3.836,3.812,-1370,114,11.433,10172,9088,89.8,80.0,441880
2026-05-31T14:21:25.840,3.785,3.836,3.812,-1368,114,11.433,10077,9090,89.8,80.0,441952
2026-05-31T14:21:26.055,3.783,3.832,3.811,-1365,112,11.426,10254,9078,89.8,80.0,442042
2026-05-31T14:21:26.055,3.781,3.827,3.812,-1362,109,11.42,10078,9079,89.8,80.0,442132
2026-05-31T14:21:26.313,3.781,3.827,3.812,-1357,111,11.42,10155,9079,89.8,80.0,442220
2026-05-31T14:21:26.313,3.781,3.822,3.81,-1354,115,11.413,10072,9047,89.8,80.0,442311
2026-05-31T14:21:26.313,3.779,3.821,3.804,-1353,116,11.404,10154,9074,89.8,80.0,442400
2026-05-31T14:21:26.519,3.778,3.819,3.799,-1351,113,11.396,10237,9062,89.8,80.0,442496
2026-05-31T14:21:26.519,3.778,3.819,3.799,-1349,110,11.396,10112,9088,89.8,80.0,442579
2026-05-31T14:21:26.687,3.777,3.819,3.798,-1352,109,11.394,10155,9077,89.8,80.0,442669
2026-05-31T14:21:26.687,3.773,3.816,3.801,-1356,113,11.39,10055,9095,89.8,80.0,442759
2026-05-31T14:21:26.916,3.769,3.815,3.803,-1357,119,11.387,10133,9081,89.8,80.0,442866
2026-05-31T14:21:26.916,3.769,3.815,3.803,-1356,123,11.387,10043,9063,89.8,80.0,442937
2026-05-31T14:21:26.916,3.766,3.813,3.799,-1353,122,11.378,10136,9074,89.8,80.0,443028
2026-05-31T14:21:27.152,3.763,3.813,3.795,-1349,120,11.371,10040,9056,89.8,80.0,443117
2026-05-31T14:21:27.152,3.763,3.813,3.795,-1350,121,11.371,10118,9053,89.8,80.0,443206
2026-05-31T14:21:27.338,3.761,3.814,3.792,-1348,119,11.367,10038,9038,89.8,80.0,443297
2026-05-31T14:21:27.338,3.76,3.813,3.791,-1345,116,11.364,10111,9030,89.8,80.0,443386
2026-05-31T14:21:27.565,3.759,3.811,3.792,-1343,112,11.362,10023,9025,89.8,80.0,443482
2026-05-31T14:21:27.565,3.759,3.811,3.792,-1337,110,11.362,10126,8990,89.8,80.0,443565
2026-05-31T14:21:27.565,3.759,3.805,3.791,-1330,108,11.355,10026,8975,89.8,80.0,443655
2026-05-31T14:21:27.766,3.758,3.801,3.787,-1327,101,11.346,10090,9014,89.8,80.0,443745
2026-05-31T14:21:27.766,3.805,3.853,3.854,-1324,88,11.512,6719,7895,9.8,49.8,443852
2026-05-31T14:21:27.981,3.805,3.853,3.854,-1317,-105,11.512,2923,6347,9.8,49.8,443923
2026-05-31T14:21:27.981,3.849,3.886,3.881,-1161,-455,11.616,1565,6134,9.8,49.8,444014
2026-05-31T14:21:27.981,3.874,3.903,3.9,-691,-507,11.677,1077,6106,9.8,49.8,444103
2026-05-31T14:21:28.198,3.874,3.903,3.9,-379,-330,11.677,999,6106,9.8,49.8,444192
2026-05-31T14:21:28.198,3.889,3.917,3.909,-315,-270,11.715,982,6103,9.8,49.8,444283
2026-05-31T14:21:28.407,3.899,3.926,3.915,-309,-256,11.74,988,6106,9.8,49.8,444372
2026-05-31T14:21:28.407,3.904,3.933,3.921,-309,-253,11.758,987,6108,9.8,49.8,444467
2026-05-31T14:21:28.673,3.904,3.933,3.921,-312,-252,11.758,986,6110,9.8,49.8,444551
2026-05-31T14:21:28.673,3.908,3.938,3.928,-314,-251,11.774,994,6110,9.8,49.8,444641
2026-05-31T14:21:28.673,3.91,3.941,3.933,-316,-251,11.784,984,6109,9.8,49.8,444731
2026-05-31T14:21:28.789,3.911,3.943,3.935,-314,-250,11.789,988,6120,9.8,49.8,444837
2026-05-31T14:21:28.789,3.911,3.943,3.935,-314,-248,11.789,994,6128,9.8,49.8,444909
2026-05-31T14:21:28.998,3.912,3.944,3.937,-316,-247,11.793,995,6129,9.8,49.8,445000
2026-05-31T14:21:28.998,3.913,3.945,3.937,-315,-247,11.795,995,6126,9.8,49.8,445089
2026-05-31T14:21:29.250,3.913,3.945,3.937,-314,-248,11.795,992,6131,9.8,49.8,445178
2026-05-31T14:21:29.250,3.913,3.947,3.938,-313,-248,11.798,993,6131,9.8,49.8,445269
2026-05-31T14:21:29.250,3.914,3.951,3.938,-314,-249,11.803,985,6136,9.8,49.8,445358
2026-05-31T14:21:29.416,3.915,3.954,3.941,-313,-248,11.81,992,6136,9.8,49.8,445453
2026-05-31T14:21:29.416,3.915,3.954,3.941,-312,-249,11.81,991,6140,9.8,49.8,445537
2026-05-31T14:21:29.716,3.916,3.956,3.944,-311,-249,11.816,989,6138,9.8,49.8,445627
2026-05-31T14:21:29.716,3.917,3.958,3.944,-310,-249,11.819,991,6143,9.8,49.8,445717
2026-05-31T14:21:29.716,3.92,3.957,3.945,-310,-250,11.822,997,6135,9.8,49.8,445823
2026-05-31T14:21:29.919,3.92,3.957,3.945,-308,-248,11.822,999,6133,9.8,49.8,445895
2026-05-31T14:21:29.919,3.921,3.957,3.945,-308,-250,11.823,1000,6126,9.8,49.8,445986
2026-05-31T14:21:29.967,3.923,3.956,3.945,-311,-251,11.824,1001,6119,9.8,49.8,446075
2026-05-31T14:21:30.173,3.925,3.954,3.945,-314,-253,11.824,996,6124,9.8,49.8,446192
2026-05-31T14:21:30.173,3.925,3.954,3.945,-317,-254,11.824,996,6129,9.8,49.8,446254
2026-05-31T14:21:30.314,3.928,3.952,3.946,-321,-252,11.826,999,6135,9.8,49.8,446344
2026-05-31T14:21:30.314,3.93,3.951,3.946,-319,-253,11.827,990,6142,9.8,49.8,446438
2026-05-31T14:21:30.601,3.93,3.951,3.946,-316,-254,11.827,996,6144,9.8,49.8,446523
2026-05-31T14:21:30.601,3.932,3.95,3.948,-313,-250,11.83,998,6138,9.8,49.8,446613
2026-05-31T14:21:30.601,3.933,3.949,3.949,-312,-247,11.831,1001,6133,9.8,49.8,446703
2026-05-31T14:21:30.784,3.933,3.95,3.951,-317,-252,11.834,995,6132,9.8,49.8,446808
2026-05-31T14:21:30.784,3.933,3.95,3.951,-319,-253,11.834,1098,5503,60.0,40.0,446881
2026-05-31T14:21:30.979,3.929,3.946,3.946,-315,-126,11.821,5622,5037,60.0,40.0,446972
2026-05-31T14:21:30.979,3.914,3.945,3.941,-289,335,11.8,6997,5118,60.0,40.0,447061
2026-05-31T14:21:31.155,3.913,3.944,3.938,-339,445,11.795,7160,5173,60.0,40.0,447178
2026-05-31T14:21:31.155,3.913,3.944,3.938,-458,238,11.795,7140,5171,60.0,40.0,447240
2026-05-31T14:21:31.341,3.913,3.944,3.933,-502,183,11.79,7185,5170,60.0,40.0,447330
2026-05-31T14:21:31.341,3.913,3.944,3.933,-508,178,11.79,7185,5163,60.0,40.0,447424
2026-05-31T14:21:31.618,3.913,3.944,3.933,-510,175,11.79,7152,5164,60.0,40.0,447509
2026-05-31T14:21:31.618,3.913,3.945,3.931,-510,173,11.789,7086,5163,60.0,40.0,447599
2026-05-31T14:21:31.618,3.913,3.945,3.929,-508,172,11.787,7171,5175,60.0,40.0,447689
2026-05-31T14:21:31.754,3.913,3.944,3.932,-507,173,11.789,7148,5182,60.0,40.0,447794
2026-05-31T14:21:31.754,3.913,3.944,3.932,-509,176,11.789,7136,5181,60.0,40.0,447867
2026-05-31T14:21:31.993,3.913,3.944,3.931,-510,179,11.788,7187,5182,60.0,40.0,447957
2026-05-31T14:21:31.993,3.913,3.945,3.932,-511,180,11.79,7190,5172,60.0,40.0,448047
2026-05-31T14:21:32.109,3.913,3.945,3.932,-512,178,11.79,7189,5169,60.0,40.0,448163
2026-05-31T14:21:32.109,3.913,3.945,3.932,-511,176,11.79,7185,5166,60.0,40.0,448226
2026-05-31T14:21:32.318,3.913,3.945,3.932,-511,175,11.79,7200,5162,60.0,40.0,448316
2026-05-31T14:21:32.318,3.913,3.945,3.935,-512,173,11.793,7192,5164,60.0,40.0,448409
2026-05-31T14:21:32.621,3.913,3.945,3.935,-512,172,11.793,7173,5164,60.0,40.0,448494
2026-05-31T14:21:32.621,3.913,3.945,3.933,-511,171,11.791,7202,5164,60.0,40.0,448585
2026-05-31T14:21:32.621,3.913,3.945,3.932,-512,171,11.79,7191,5162,60.0,40.0,448675
2026-05-31T14:21:32.733,3.913,3.944,3.933,-513,169,11.79,7157,5163,60.0,40.0,448779
2026-05-31T14:21:32.733,3.913,3.944,3.933,-513,169,11.79,7159,5164,60.0,40.0,448853
2026-05-31T14:21:32.928,3.913,3.945,3.934,-513,171,11.792,7177,5172,60.0,40.0,448943
2026-05-31T14:21:32.928,3.913,3.945,3.934,-514,171,11.792,7165,5181,60.0,40.0,449033
2026-05-31T14:21:33.111,3.913,3.945,3.936,-514,175,11.794,7190,5176,60.0,40.0,449149
2026-05-31T14:21:33.111,3.913,3.945,3.936,-514,178,11.794,7185,5179,60.0,40.0,449212
2026-05-31T14:21:33.324,3.913,3.945,3.935,-514,177,11.793,7171,5182,60.0,40.0,449302
2026-05-31T14:21:33.324,3.913,3.945,3.936,-514,177,11.794,7182,5184,60.0,40.0,449395
2026-05-31T14:21:33.595,3.913,3.945,3.936,-514,179,11.794,7154,5180,60.0,40.0,449480
2026-05-31T14:21:33.595,3.913,3.945,3.937,-512,179,11.795,7147,5178,60.0,40.0,449571
2026-05-31T14:21:33.595,3.913,3.945,3.937,-510,176,11.795,7156,5176,60.0,40.0,449660
2026-05-31T14:21:33.720,3.913,3.945,3.937,-509,176,11.795,7149,5172,60.0,40.0,449765
2026-05-31T14:21:33.720,3.913,3.945,3.937,-510,171,11.795,5614,5769,29.8,49.8,449839
2026-05-31T14:21:33.972,3.922,3.954,3.942,-496,-11,11.818,4008,6101,29.8,49.8,449929
2026-05-31T14:21:33.972,3.926,3.952,3.943,-436,-365,11.821,3827,6129,29.8,49.8,450019
2026-05-31T14:21:34.074,3.929,3.95,3.946,-392,-269,11.825,3801,6092,29.8,49.8,450134
2026-05-31T14:21:34.074,3.929,3.95,3.946,-384,-188,11.825,3800,6110,29.8,49.8,450197
2026-05-31T14:21:34.300,3.931,3.949,3.946,-382,-174,11.826,3791,6091,29.8,49.8,450288
2026-05-31T14:21:34.300,3.932,3.948,3.946,-382,-174,11.826,3800,6133,29.8,49.8,450381
2026-05-31T14:21:34.555,3.932,3.948,3.946,-380,-171,11.826,3802,6107,29.8,49.8,450466
2026-05-31T14:21:34.555,3.932,3.95,3.945,-379,-168,11.827,3794,6123,29.8,49.8,450557
2026-05-31T14:21:34.555,3.933,3.95,3.946,-378,-165,11.829,3799,6120,29.8,49.8,450646
2026-05-31T14:21:34.723,3.934,3.949,3.952,-380,-166,11.835,3812,6096,29.8,49.8,450750
2026-05-31T14:21:34.723,3.934,3.949,3.952,-382,-168,11.835,3811,6095,29.8,49.8,450825
2026-05-31T14:21:34.921,3.934,3.948,3.953,-384,-168,11.835,3811,6106,29.8,49.8,450915
2026-05-31T14:21:34.921,3.934,3.951,3.949,-386,-170,11.834,3795,6122,29.8,49.8,451005
2026-05-31T14:21:35.142,3.934,3.953,3.946,-384,-168,11.833,3811,6099,29.8,49.8,451120
2026-05-31T14:21:35.142,3.934,3.953,3.946,-381,-167,11.833,3793,6118,29.8,49.8,451183
2026-05-31T14:21:35.298,3.934,3.952,3.95,-382,-172,11.836,3808,6087,29.8,49.8,451274
2026-05-31T14:21:35.298,3.934,3.952,3.953,-384,-173,11.839,3790,6111,29.8,49.8,451366
2026-05-31T14:21:35.549,3.934,3.952,3.953,-387,-172,11.839,3792,6107,29.8,49.8,451452
2026-05-31T14:21:35.549,3.934,3.951,3.957,-387,-171,11.842,3800,6126,29.8,49.8,451543
2026-05-31T14:21:35.549,3.935,3.953,3.956,-385,-171,11.844,3802,6103,29.8,49.8,451632
2026-05-31T14:21:35.726,3.935,3.955,3.954,-383,-171,11.844,3806,6119,29.8,49.8,451736
2026-05-31T14:21:35.726,3.935,3.955,3.954,-383,-170,11.844,3797,6124,29.8,49.8,451811
2026-05-31T14:21:35.915,3.935,3.958,3.952,-383,-168,11.845,3806,6101,29.8,49.8,451901
2026-05-31T14:21:35.915,3.935,3.955,3.956,-381,-167,11.846,3809,6131,29.8,49.8,451991
2026-05-31T14:21:36.074,3.935,3.954,3.959,-381,-168,11.848,3808,6102,29.8,49.8,452105
2026-05-31T14:21:36.074,3.935,3.954,3.959,-383,-169,11.848,3807,6114,29.8,49.8,452169
2026-05-31T14:21:36.232,3.935,3.957,3.957,-384,-169,11.849,3821,6096,29.8,49.8,452260
2026-05-31T14:21:36.232,3.935,3.96,3.955,-385,-168,11.85,3810,6126,29.8,49.8,452352
2026-05-31T14:21:36.517,3.935,3.96,3.955,-387,-169,11.85,3806,6095,29.8,49.8,452438
2026-05-31T14:21:36.517,3.935,3.961,3.954,-388,-171,11.85,3804,6096,29.8,49.8,452529
2026-05-31T14:21:36.517,3.935,3.962,3.953,-388,-170,11.85,3799,6123,29.8,49.8,452618
2026-05-31T14:21:36.672,3.935,3.962,3.954,-389,-172,11.851,3799,6103,29.8,49.8,452721
2026-05-31T14:21:36.672,3.935,3.962,3.954,-389,-173,11.851,3131,5330,20.0,40.0,452797
2026-05-31T14:21:36.896,3.943,3.965,3.961,-387,-187,11.869,2527,5089,20.0,40.0,452887
2026-05-31T14:21:36.896,3.943,3.972,3.959,-341,-198,11.874,2453,5068,20.0,40.0,452977
2026-05-31T14:21:37.058,3.943,3.975,3.958,-267,-157,11.876,2444,5062,20.0,40.0,453091
2026-05-31T14:21:37.058,3.943,3.975,3.958,-244,-143,11.876,2443,5070,20.0,40.0,453155
2026-05-31T14:21:37.250,3.944,3.977,3.957,-240,-142,11.878,2442,5071,20.0,40.0,453246
2026-05-31T14:21:37.250,3.946,3.976,3.958,-238,-137,11.88,2443,5068,20.0,40.0,453337
2026-05-31T14:21:37.495,3.946,3.976,3.958,-236,-135,11.88,2444,5069,20.0,40.0,453424
2026-05-31T14:21:37.495,3.946,3.976,3.958,-237,-140,11.88,2443,5066,20.0,40.0,453514
2026-05-31T14:21:37.495,3.947,3.976,3.957,-236,-139,11.88,2443,5064,20.0,40.0,453604
2026-05-31T14:21:37.714,3.949,3.974,3.959,-237,-134,11.882,2443,5064,20.0,40.0,453707
2026-05-31T14:21:37.714,3.949,3.974,3.959,-238,-137,11.882,2444,5063,20.0,40.0,453783
2026-05-31T14:21:37.879,3.95,3.974,3.959,-238,-142,11.883,2442,5067,20.0,40.0,453873
2026-05-31T14:21:37.879,3.951,3.973,3.96,-235,-138,11.884,2446,5074,20.0,40.0,453963
2026-05-31T14:21:38.125,3.952,3.971,3.96,-233,-134,11.883,2444,5069,20.0,40.0,454076
2026-05-31T14:21:38.125,3.952,3.971,3.96,-234,-138,11.883,2445,5033,20.0,40.0,454141
2026-05-31T14:21:38.125,3.953,3.971,3.964,-233,-141,11.888,2442,5077,20.0,40.0,454232
2026-05-31T14:21:38.321,3.953,3.971,3.963,-231,-136,11.887,2443,5067,20.0,40.0,454323
2026-05-31T14:21:38.321,3.953,3.971,3.963,-233,-133,11.887,2443,5072,20.0,40.0,454410
2026-05-31T14:21:38.548,3.954,3.971,3.965,-235,-139,11.89,2442,5073,20.0,40.0,454500
2026-05-31T14:21:38.548,3.954,3.97,3.969,-236,-140,11.893,2444,5063,20.0,40.0,454590
2026-05-31T14:21:38.764,3.954,3.97,3.968,-237,-136,11.892,2441,5060,20.0,40.0,454692
2026-05-31T14:21:38.764,3.954,3.97,3.968,-240,-139,11.892,2445,5063,20.0,40.0,454769
2026-05-31T14:21:38.764,3.955,3.97,3.972,-242,-144,11.897,2442,5060,20.0,40.0,454859
2026-05-31T14:21:38.947,3.956,3.969,3.973,-241,-141,11.898,2443,5068,20.0,40.0,454949
2026-05-31T14:21:38.947,3.956,3.969,3.975,-239,-136,11.9,2444,5070,20.0,40.0,455062
2026-05-31T14:21:39.239,3.956,3.969,3.975,-238,-138,11.9,2445,5071,20.0,40.0,455127
2026-05-31T14:21:39.239,3.956,3.969,3.976,-238,-141,11.901,2441,5077,20.0,40.0,455217
2026-05-31T14:21:39.239,3.956,3.969,3.978,-235,-137,11.903,2443,5073,20.0,40.0,455308
2026-05-31T14:21:39.392,3.956,3.969,3.978,-235,-134,11.903,2444,5072,20.0,40.0,455396
2026-05-31T14:21:39.392,3.956,3.969,3.979,-236,-139,11.904,2442,5080,20.0,40.0,455486
2026-05-31T14:21:39.551,3.956,3.969,3.98,-235,-139,11.905,2443,5074,20.0,40.0,455576
2026-05-31T14:21:39.551,3.956,3.969,3.981,-236,-134,11.906,2442,5071,20.0,40.0,455678
2026-05-31T14:21:39.837,3.956,3.969,3.981,-237,-137,11.906,2445,5075,20.0,40.0,455754
2026-05-31T14:21:39.837,3.956,3.969,3.981,-238,-134,11.906,4530,4033,60.0,29.8,455845
2026-05-31T14:21:39.837,3.935,3.959,3.969,-235,118,11.863,6937,3870,60.0,29.8,455934
2026-05-31T14:21:40.009,3.935,3.954,3.967,-258,538,11.856,7202,3911,60.0,29.8,456047
2026-05-31T14:21:40.009,3.935,3.954,3.967,-361,383,11.856,7215,3918,60.0,29.8,456113
2026-05-31T14:21:40.173,3.935,3.954,3.966,-420,271,11.855,7159,3920,60.0,29.8,456203
2026-05-31T14:21:40.173,3.934,3.954,3.964,-430,257,11.852,7200,3920,60.0,29.8,456294
2026-05-31T14:21:40.456,3.934,3.954,3.964,-431,256,11.852,7201,3920,60.0,29.8,456382
2026-05-31T14:21:40.456,3.935,3.952,3.962,-431,256,11.849,7202,3920,60.0,29.8,456472
2026-05-31T14:21:40.456,3.935,3.951,3.96,-431,255,11.846,7202,3920,60.0,29.8,456562
2026-05-31T14:21:40.652,3.934,3.95,3.958,-432,255,11.842,7208,3925,60.0,29.8,456663
2026-05-31T14:21:40.652,3.934,3.95,3.958,-433,256,11.842,7203,3929,60.0,29.8,456740
2026-05-31T14:21:40.823,3.934,3.951,3.956,-434,258,11.841,7195,3933,60.0,29.8,456831
2026-05-31T14:21:40.823,3.934,3.95,3.953,-435,260,11.837,7209,3935,60.0,29.8,456920
2026-05-31T14:21:41.000,3.934,3.95,3.952,-437,262,11.836,7212,3933,60.0,29.8,457033
2026-05-31T14:21:41.000,3.934,3.95,3.952,-433,260,11.836,7198,3920,60.0,29.8,457099
2026-05-31T14:21:41.206,3.933,3.951,3.949,-432,258,11.833,7197,3916,60.0,29.8,457189
2026-05-31T14:21:41.207,3.933,3.95,3.949,-431,258,11.832,7205,3924,60.0,29.8,457279
2026-05-31T14:21:41.445,3.933,3.95,3.949,-431,257,11.832,7202,3923,60.0,29.8,457368
2026-05-31T14:21:41.445,3.932,3.95,3.947,-431,257,11.829,7203,3925,60.0,29.8,457458
2026-05-31T14:21:41.445,3.933,3.95,3.947,-431,257,11.83,7196,3926,60.0,29.8,457548
2026-05-31T14:21:41.651,3.933,3.949,3.947,-432,258,11.829,7189,3926,60.0,29.8,457649
2026-05-31T14:21:41.651,3.933,3.949,3.947,-432,258,11.829,7201,3926,60.0,29.8,457726
2026-05-31T14:21:41.815,3.932,3.95,3.947,-432,259,11.829,7188,3925,60.0,29.8,457817
2026-05-31T14:21:41.815,3.933,3.949,3.947,-432,261,11.829,7192,3926,60.0,29.8,457906
2026-05-31T14:21:42.103,3.933,3.948,3.948,-432,261,11.829,7193,3930,60.0,29.8,458018
2026-05-31T14:21:42.103,3.933,3.948,3.948,-432,263,11.829,7194,3928,60.0,29.8,458085
2026-05-31T14:21:42.103,3.933,3.948,3.949,-434,262,11.83,7189,3927,60.0,29.8,458175
2026-05-31T14:21:42.270,3.933,3.948,3.948,-433,261,11.829,7194,3927,60.0,29.8,458265
2026-05-31T14:21:42.270,3.933,3.948,3.948,-432,263,11.829,7199,3923,60.0,29.8,458354
2026-05-31T14:21:42.449,3.933,3.948,3.949,-433,263,11.83,7197,3924,60.0,29.8,458444
2026-05-31T14:21:42.449,3.932,3.948,3.949,-432,260,11.829,7206,3920,60.0,29.8,458534
2026-05-31T14:21:42.683,3.931,3.95,3.947,-431,259,11.828,7209,3916,60.0,29.8,458634
2026-05-31T14:21:42.683,3.931,3.95,3.947,-431,258,11.828,7180,4260,60.0,89.8,458712
2026-05-31T14:21:42.683,3.915,3.931,3.918,-431,183,11.764,6942,9510,60.0,89.8,458803
2026-05-31T14:21:42.821,3.879,3.902,3.893,-627,-271,11.674,7353,10204,60.0,89.8,458892
2026-05-31T14:21:43.011,3.857,3.886,3.877,-1027,-550,11.62,7535,10228,60.0,89.8,459004
2026-05-31T14:21:43.011,3.857,3.886,3.877,-1194,-473,11.62,7053,10230,60.0,89.8,459071
2026-05-31T14:21:43.127,3.844,3.875,3.863,-1213,-452,11.582,6883,10247,60.0,89.8,459161
2026-05-31T14:21:43.127,3.836,3.868,3.855,-1213,-451,11.559,6860,10228,60.0,89.8,459251
2026-05-31T14:21:43.440,3.836,3.868,3.855,-1212,-451,11.559,7456,10221,60.0,89.8,459340
2026-05-31T14:21:43.440,3.83,3.863,3.85,-1213,-453,11.543,7432,10207,60.0,89.8,459430
2026-05-31T14:21:43.440,3.824,3.86,3.849,-1212,-457,11.533,6643,10216,60.0,89.8,459520
2026-05-31T14:21:43.584,3.821,3.856,3.846,-1209,-458,11.523,7273,10212,60.0,89.8,459620
2026-05-31T14:21:43.584,3.821,3.856,3.846,-1206,-457,11.523,7575,10211,60.0,89.8,459698
2026-05-31T14:21:43.775,3.816,3.854,3.843,-1203,-455,11.513,7576,10205,60.0,89.8,459788
2026-05-31T14:21:43.775,3.812,3.855,3.84,-1201,-454,11.507,6543,10237,60.0,89.8,459878
2026-05-31T14:21:43.950,3.809,3.855,3.839,-1200,-451,11.503,6444,10223,60.0,89.8,459989
2026-05-31T14:21:43.950,3.809,3.855,3.839,-1198,-446,11.503,7127,10190,60.0,89.8,460057
2026-05-31T14:21:44.150,3.806,3.855,3.836,-1195,-447,11.497,7033,10094,60.0,89.8,460147
2026-05-31T14:21:44.154,3.805,3.853,3.832,-1196,-453,11.49,7011,10223,60.0,89.8,460237
2026-05-31T14:21:44.399,3.805,3.853,3.832,-1198,-454,11.49,6915,10174,60.0,89.8,460325
2026-05-31T14:21:44.399,3.804,3.848,3.831,-1195,-452,11.483,6930,10169,60.0,89.8,460416
2026-05-31T14:21:44.399,3.803,3.844,3.83,-1194,-451,11.477,7347,10166,60.0,89.8,460505
2026-05-31T14:21:44.593,3.803,3.841,3.83,-1193,-450,11.474,6872,10159,60.0,89.8,460605
2026-05-31T14:21:44.593,3.803,3.841,3.83,-1193,-450,11.474,6671,10169,60.0,89.8,460684
2026-05-31T14:21:44.786,3.803,3.839,3.831,-1194,-454,11.473,6850,10140,60.0,89.8,460774
2026-05-31T14:21:44.786,3.802,3.839,3.828,-1196,-456,11.469,7265,10172,60.0,89.8,460864
2026-05-31T14:21:45.101,3.801,3.838,3.823,-1198,-458,11.462,6961,10179,60.0,89.8,460975
2026-05-31T14:21:45.101,3.801,3.838,3.823,-1199,-458,11.462,6832,10121,60.0,89.8,461042
2026-05-31T14:21:45.101,3.801,3.836,3.819,-1200,-457,11.456,6735,10133,60.0,89.8,461133
2026-05-31T14:21:45.235,3.799,3.836,3.818,-1198,-455,11.453,7250,10191,60.0,89.8,461223
2026-05-31T14:21:45.235,3.799,3.836,3.818,-1195,-450,11.453,6623,10171,60.0,89.8,461311
2026-05-31T14:21:45.396,3.798,3.832,3.819,-1192,-446,11.449,6592,10155,60.0,89.8,461402
2026-05-31T14:21:45.396,3.795,3.831,3.82,-1190,-447,11.446,7537,10155,60.0,89.8,461491
2026-05-31T14:21:45.697,3.793,3.83,3.822,-1189,-444,11.445,6482,10147,60.0,89.8,461591
2026-05-31T14:21:45.697,3.793,3.83,3.822,-1187,-441,11.445,6418,10185,60.0,89.8,461670
2026-05-31T14:21:45.697,3.791,3.83,3.821,-1186,-442,11.442,6430,10135,60.0,89.8,461760
2026-05-31T14:21:45.862,3.789,3.831,3.822,-1187,-445,11.442,7605,10130,60.0,89.8,461850
2026-05-31T14:21:45.862,3.833,3.883,3.886,-1188,-445,11.602,4319,7257,9.8,29.8,461960
2026-05-31T14:21:46.107,3.833,3.883,3.886,-1183,-459,11.602,2430,4488,9.8,29.8,462028
2026-05-31T14:21:46.107,3.866,3.908,3.906,-1029,-392,11.68,1390,3812,9.8,29.8,462119
2026-05-31T14:21:46.107,3.885,3.922,3.92,-513,-171,11.727,1018,3767,9.8,29.8,462208
2026-05-31T14:21:46.313,3.885,3.922,3.92,-169,-125,11.727,990,3776,9.8,29.8,462297
2026-05-31T14:21:46.313,3.896,3.932,3.927,-113,-111,11.755,981,3770,9.8,29.8,462388
2026-05-31T14:21:46.490,3.903,3.937,3.932,-108,-105,11.772,983,3770,9.8,29.8,462477
2026-05-31T14:21:46.490,3.909,3.941,3.935,-108,-103,11.785,979,3770,9.8,29.8,462576
2026-05-31T14:21:46.736,3.909,3.941,3.935,-108,-104,11.785,975,3771,9.8,29.8,462656
2026-05-31T14:21:46.736,3.912,3.948,3.932,-108,-103,11.792,975,3770,9.8,29.8,462746
2026-05-31T14:21:46.736,3.915,3.952,3.937,-108,-103,11.804,971,3771,9.8,29.8,462836
2026-05-31T14:21:46.921,3.918,3.954,3.941,-110,-103,11.813,971,3771,9.8,29.8,462946
2026-05-31T14:21:46.921,3.918,3.954,3.941,-110,-102,11.813,976,3772,9.8,29.8,463014
2026-05-31T14:21:47.115,3.921,3.954,3.943,-110,-101,11.818,984,3771,9.8,29.8,463105
2026-05-31T14:21:47.115,3.923,3.954,3.944,-111,-101,11.821,985,3770,9.8,29.8,463194
2026-05-31T14:21:47.391,3.923,3.954,3.944,-113,-102,11.821,986,3773,9.8,29.8,463283
2026-05-31T14:21:47.391,3.926,3.952,3.944,-114,-103,11.822,979,3772,9.8,29.8,463373
2026-05-31T14:21:47.391,3.93,3.949,3.945,-113,-102,11.824,979,3772,9.8,29.8,463463
2026-05-31T14:21:47.592,3.931,3.949,3.945,-113,-102,11.825,977,3773,9.8,29.8,463562
2026-05-31T14:21:47.592,3.931,3.949,3.945,-113,-102,11.825,982,3776,9.8,29.8,463642
2026-05-31T14:21:47.759,3.933,3.948,3.945,-114,-101,11.826,984,3776,9.8,29.8,463732
2026-05-31T14:21:47.759,3.934,3.948,3.948,-113,-101,11.83,980,3777,9.8,29.8,463822
2026-05-31T14:21:47.881,3.934,3.949,3.955,-114,-101,11.838,982,3786,9.8,29.8,463931
2026-05-31T14:21:47.881,3.934,3.949,3.955,-114,-100,11.838,985,3776,9.8,29.8,464000
2026-05-31T14:21:48.106,3.934,3.952,3.955,-114,-100,11.841,982,3780,9.8,29.8,464090
2026-05-31T14:21:48.106,3.935,3.957,3.954,-114,-101,11.846,980,3777,9.8,29.8,464180
2026-05-31T14:21:48.366,3.935,3.957,3.954,-115,-101,11.846,981,3780,9.8,29.8,464269
2026-05-31T14:21:48.366,3.935,3.959,3.954,-115,-101,11.848,984,3780,9.8,29.8,464359
2026-05-31T14:21:48.366,3.935,3.962,3.954,-116,-100,11.851,985,3781,9.8,29.8,464449
2026-05-31T14:21:48.509,3.935,3.963,3.953,-117,-101,11.851,985,3784,9.8,29.8,464547
2026-05-31T14:21:48.509,3.935,3.963,3.953,-116,-100,11.851,985,3787,9.8,29.8,464627
2026-05-31T14:21:48.713,3.935,3.965,3.952,-115,-99,11.852,985,3795,9.8,29.8,464718
2026-05-31T14:21:48.713,3.929,3.951,3.928,-112,-98,11.808,1732,5947,89.8,60.0,464808
2026-05-31T14:21:49.016,3.887,3.915,3.87,-124,-95,11.672,8178,6961,89.8,60.0,464917
2026-05-31T14:21:49.016,3.887,3.915,3.87,-278,143,11.672,9746,7015,89.8,60.0,464986
2026-05-31T14:21:49.016,3.853,3.889,3.858,-589,549,11.6,10238,7033,89.8,60.0,465076
2026-05-31T14:21:49.133,3.836,3.874,3.849,-891,529,11.559,10147,6993,89.8,60.0,465166
2026-05-31T14:21:49.133,3.836,3.874,3.849,-1045,437,11.559,10254,6976,89.8,60.0,465255
2026-05-31T14:21:49.314,3.824,3.866,3.844,-1071,414,11.534,10235,6953,89.8,60.0,465345
2026-05-31T14:21:49.314,3.816,3.862,3.837,-1073,409,11.515,10228,6959,89.8,60.0,465435
2026-05-31T14:21:49.641,3.811,3.853,3.835,-1071,407,11.499,10207,6955,89.8,60.0,465533
2026-05-31T14:21:49.641,3.811,3.853,3.835,-1069,408,11.499,10155,6941,89.8,60.0,465613
2026-05-31T14:21:49.641,3.807,3.847,3.832,-1068,411,11.486,10143,6917,89.8,60.0,465704
2026-05-31T14:21:49.699,3.805,3.844,3.831,-1065,413,11.48,10198,6916,89.8,60.0,465793
2026-05-31T14:21:49.884,3.802,3.837,3.826,-1059,410,11.465,10114,6847,89.8,60.0,465902
2026-05-31T14:21:49.884,3.802,3.837,3.826,-1054,404,11.465,10070,6831,89.8,60.0,465972
2026-05-31T14:21:50.074,3.798,3.837,3.821,-1035,402,11.456,10148,6835,89.8,60.0,466062
2026-05-31T14:21:50.074,3.796,3.833,3.821,-1031,400,11.45,10118,6815,89.8,60.0,466152
2026-05-31T14:21:50.315,3.796,3.833,3.821,-1029,400,11.45,10033,6790,89.8,60.0,466241
2026-05-31T14:21:50.315,3.791,3.833,3.821,-1025,398,11.445,9986,6805,89.8,60.0,466331
2026-05-31T14:21:50.315,3.787,3.834,3.815,-1023,401,11.436,10018,6809,89.8,60.0,466421
2026-05-31T14:21:50.508,3.785,3.834,3.81,-1022,397,11.429,9998,6829,89.8,60.0,466518
2026-05-31T14:21:50.508,3.785,3.834,3.81,-1024,401,11.429,10075,6802,89.8,60.0,466599
2026-05-31T14:21:50.700,3.784,3.834,3.808,-1024,408,11.426,10114,6810,89.8,60.0,466690
2026-05-31T14:21:50.700,3.782,3.833,3.806,-1023,409,11.421,10065,6804,89.8,60.0,466779
2026-05-31T14:21:50.907,3.781,3.831,3.806,-1023,410,11.418,9953,6817,89.8,60.0,466888
2026-05-31T14:21:50.907,3.781,3.831,3.806,-1022,412,11.418,10013,6818,89.8,60.0,466958
2026-05-31T14:21:51.112,3.781,3.826,3.81,-1022,409,11.417,10056,6820,89.8,60.0,467048
2026-05-31T14:21:51.112,3.781,3.822,3.812,-1020,406,11.415,10072,6802,89.8,60.0,467138
2026-05-31T14:21:51.302,3.781,3.822,3.812,-1020,407,11.415,10046,6805,89.8,60.0,467227
2026-05-31T14:21:51.302,3.78,3.82,3.811,-1021,408,11.411,9922,6835,89.8,60.0,467317
2026-05-31T14:21:51.302,3.781,3.817,3.806,-1019,409,11.404,10025,6835,89.8,60.0,467407
2026-05-31T14:21:51.466,3.78,3.816,3.802,-1016,406,11.398,10033,6798,89.8,60.0,467504
2026-05-31T14:21:51.466,3.78,3.816,3.802,-1013,404,11.398,10077,6788,89.8,60.0,467585
2026-05-31T14:21:51.723,3.78,3.816,3.798,-1011,400,11.394,10050,6773,89.8,60.0,467675
2026-05-31T14:21:51.723,3.796,3.846,3.844,-1008,401,11.486,7988,5207,9.8,20.0,467765
2026-05-31T14:21:51.952,3.851,3.884,3.878,-920,361,11.613,2890,2672,9.8,20.0,467873
2026-05-31T14:21:51.952,3.851,3.884,3.878,-525,-15,11.613,1537,2481,9.8,20.0,467944
2026-05-31T14:21:51.952,3.875,3.901,3.899,-149,-344,11.675,1221,2446,9.8,20.0,468034
2026-05-31T14:21:52.145,3.89,3.912,3.912,-53,-140,11.714,987,2439,9.8,20.0,468124
2026-05-31T14:21:52.145,3.89,3.912,3.912,-46,-54,11.714,976,2438,9.8,20.0,468212
2026-05-31T14:21:52.322,3.9,3.923,3.917,-45,-35,11.74,973,2437,9.8,20.0,468303
2026-05-31T14:21:52.322,3.905,3.932,3.925,-45,-33,11.762,968,2440,9.8,20.0,468392
2026-05-31T14:21:52.576,3.908,3.938,3.93,-45,-32,11.776,967,2441,9.8,20.0,468489
2026-05-31T14:21:52.576,3.908,3.938,3.93,-46,-30,11.776,972,2442,9.8,20.0,468571
2026-05-31T14:21:52.576,3.91,3.94,3.935,-45,-29,11.785,967,2444,9.8,20.0,468661
2026-05-31T14:21:52.751,3.912,3.942,3.936,-45,-30,11.79,968,2447,9.8,20.0,468751
2026-05-31T14:21:52.751,3.912,3.944,3.937,-44,-30,11.793,961,2450,9.8,20.0,468859
2026-05-31T14:21:52.989,3.912,3.944,3.937,-43,-29,11.793,964,2450,9.8,20.0,468929
2026-05-31T14:21:52.989,3.913,3.945,3.938,-43,-28,11.796,955,2450,9.8,20.0,469020
2026-05-31T14:21:52.989,3.914,3.947,3.938,-44,-26,11.799,963,2450,9.8,20.0,469109
2026-05-31T14:21:53.210,3.914,3.947,3.938,-43,-25,11.799,971,2445,9.8,20.0,469198
2026-05-31T14:21:53.210,3.916,3.952,3.936,-43,-25,11.804,974,2448,9.8,20.0,469289
2026-05-31T14:21:53.365,3.918,3.954,3.938,-44,-28,11.81,969,2451,9.8,20.0,469378
2026-05-31T14:21:53.365,3.921,3.955,3.941,-44,-27,11.817,972,2450,9.8,20.0,469475
2026-05-31T14:21:53.676,3.921,3.955,3.941,-45,-26,11.817,967,2448,9.8,20.0,469557
2026-05-31T14:21:53.676,3.925,3.952,3.944,-46,-26,11.821,971,2450,9.8,20.0,469647
2026-05-31T14:21:53.676,3.927,3.951,3.944,-46,-26,11.822,974,2449,9.8,20.0,469737
2026-05-31T14:21:53.801,3.93,3.949,3.945,-46,-26,11.824,969,2450,9.8,20.0,469844
2026-05-31T14:21:53.801,3.93,3.949,3.945,-45,-26,11.824,972,2450,9.8,20.0,469915
2026-05-31T14:21:53.997,3.931,3.948,3.945,-44,-25,11.824,974,2449,9.8,20.0,470005
2026-05-31T14:21:53.997,3.932,3.948,3.944,-44,-25,11.824,955,2452,9.8,20.0,470095
2026-05-31T14:21:54.249,3.932,3.948,3.944,-44,-26,11.824,961,2457,9.8,20.0,470184
2026-05-31T14:21:54.249,3.933,3.948,3.944,-44,-24,11.825,967,2456,9.8,20.0,470274
2026-05-31T14:21:54.249,3.934,3.948,3.944,-44,-24,11.826,974,2454,9.8,20.0,470364
2026-05-31T14:21:54.518,3.934,3.95,3.943,-45,-24,11.827,970,2455,9.8,20.0,470460
2026-05-31T14:21:54.518,3.934,3.95,3.943,-46,-25,11.827,968,2459,9.8,20.0,470542
2026-05-31T14:21:54.677,3.934,3.951,3.944,-46,-25,11.829,973,2459,9.8,20.0,470633
2026-05-31T14:21:54.677,3.935,3.948,3.941,-45,-22,11.824,2140,3319,60.0,100.0,470722
2026-05-31T14:21:54.805,3.864,3.894,3.897,-45,22,11.655,6443,8428,60.0,100.0,470830
2026-05-31T14:21:54.805,3.864,3.894,3.897,-101,-25,11.655,6906,9708,60.0,100.0,470901
2026-05-31T14:21:55.012,3.822,3.855,3.86,-420,-204,11.537,6555,10808,60.0,100.0,470991
2026-05-31T14:21:55.012,3.805,3.839,3.834,-859,-505,11.478,7064,10822,60.0,100.0,471081
2026-05-31T14:21:55.312,3.805,3.839,3.834,-1175,-570,11.478,6446,10857,60.0,100.0,471170
2026-05-31T14:21:55.312,3.792,3.829,3.82,-1299,-549,11.441,7029,10822,60.0,100.0,471260
2026-05-31T14:21:55.312,3.782,3.822,3.815,-1313,-550,11.419,6569,10812,60.0,100.0,471350
2026-05-31T14:21:55.438,3.774,3.817,3.806,-1316,-552,11.397,6439,10818,60.0,100.0,471446
2026-05-31T14:21:55.438,3.774,3.817,3.806,-1315,-557,11.397,6462,10830,60.0,100.0,471528
2026-05-31T14:21:55.597,3.768,3.815,3.799,-1314,-558,11.382,6550,10785,60.0,100.0,471619
2026-05-31T14:21:55.597,3.764,3.814,3.796,-1314,-561,11.374,7305,10760,60.0,100.0,471708
2026-05-31T14:21:55.790,3.762,3.809,3.797,-1315,-563,11.368,6604,10744,60.0,100.0,471815
2026-05-31T14:21:55.790,3.762,3.809,3.797,-1316,-562,11.368,7278,10791,60.0,100.0,471887
2026-05-31T14:21:55.969,3.76,3.804,3.797,-1316,-563,11.361,6660,10820,60.0,100.0,471977
2026-05-31T14:21:55.969,3.759,3.8,3.794,-1316,-561,11.353,6623,10775,60.0,100.0,472067
2026-05-31T14:21:56.295,3.759,3.8,3.794,-1313,-557,11.353,7377,10771,60.0,100.0,472156
2026-05-31T14:21:56.296,3.759,3.798,3.79,-1309,-554,11.347,6511,10771,60.0,100.0,472246
2026-05-31T14:21:56.296,3.758,3.796,3.787,-1306,-557,11.341,6610,10741,60.0,100.0,472336
2026-05-31T14:21:56.419,3.757,3.795,3.785,-1306,-559,11.337,6768,10768,60.0,100.0,472431
2026-05-31T14:21:56.419,3.757,3.795,3.785,-1306,-562,11.337,6614,10771,60.0,100.0,472514
2026-05-31T14:21:56.665,3.756,3.795,3.783,-1307,-562,11.334,7065,10754,60.0,100.0,472604
2026-05-31T14:21:56.665,3.754,3.795,3.782,-1305,-555,11.331,6924,10783,60.0,100.0,472694
2026-05-31T14:21:56.850,3.751,3.794,3.778,-1304,-550,11.323,7213,10735,60.0,100.0,472801
2026-05-31T14:21:56.850,3.751,3.794,3.778,-1304,-552,11.323,7088,10712,60.0,100.0,472873
2026-05-31T14:21:56.850,3.748,3.792,3.776,-1303,-557,11.316,6791,10775,60.0,100.0,472963
2026-05-31T14:21:57.031,3.745,3.79,3.777,-1303,-556,11.312,6962,10712,60.0,100.0,473053
2026-05-31T14:21:57.031,3.745,3.79,3.777,-1301,-556,11.312,6974,10691,60.0,100.0,473141
2026-05-31T14:21:57.238,3.742,3.791,3.777,-1300,-558,11.31,6931,10760,60.0,100.0,473232
2026-05-31T14:21:57.238,3.74,3.791,3.776,-1298,-559,11.307,6727,10681,60.0,100.0,473322
2026-05-31T14:21:57.550,3.739,3.791,3.776,-1297,-557,11.306,7227,10683,60.0,100.0,473417
2026-05-31T14:21:57.550,3.739,3.791,3.776,-1298,-557,11.306,6691,10743,60.0,100.0,473500
2026-05-31T14:21:57.550,3.738,3.791,3.774,-1300,-559,11.303,6870,10683,60.0,100.0,473590
2026-05-31T14:21:57.666,3.737,3.791,3.77,-1300,-559,11.298,6802,10672,60.0,100.0,473680
2026-05-31T14:21:57.666,3.726,3.768,3.75,-1297,-555,11.244,9090,10043,89.8,89.8,473786
2026-05-31T14:21:57.914,3.726,3.768,3.75,-1295,-396,11.244,9787,9845,89.8,89.8,473858
2026-05-31T14:21:57.914,3.713,3.76,3.744,-1326,34,11.217,10090,9768,89.8,89.8,473949
2026-05-31T14:21:57.914,3.705,3.756,3.74,-1412,38,11.201,9937,9738,89.8,89.8,474039
2026-05-31T14:21:58.156,3.705,3.756,3.74,-1453,-36,11.201,9950,9853,89.8,89.8,474127
2026-05-31T14:21:58.156,3.701,3.753,3.738,-1453,-32,11.192,9953,9837,89.8,89.8,474218
2026-05-31T14:21:58.296,3.698,3.75,3.735,-1467,-21,11.183,10025,9803,89.8,89.8,474307
2026-05-31T14:21:58.297,3.696,3.75,3.732,-1472,-22,11.178,9980,9813,89.8,89.8,474402
2026-05-31T14:21:58.601,3.696,3.75,3.732,-1464,-34,11.178,9946,9844,89.8,89.8,474486
2026-05-31T14:21:58.601,3.694,3.75,3.73,-1459,-32,11.174,9946,9808,89.8,89.8,474576
2026-05-31T14:21:58.601,3.693,3.748,3.73,-1459,-19,11.171,9933,9807,89.8,89.8,474666
2026-05-31T14:21:58.734,3.693,3.747,3.729,-1467,-24,11.169,9993,9775,89.8,89.8,474772
2026-05-31T14:21:58.734,3.693,3.747,3.729,-1465,-33,11.169,9894,9797,89.8,89.8,474844
2026-05-31T14:21:58.926,3.692,3.746,3.727,-1460,-38,11.165,9937,9781,89.8,89.8,474935
2026-05-31T14:21:58.926,3.692,3.74,3.726,-1454,-27,11.158,9923,9784,89.8,89.8,475024
2026-05-31T14:21:59.084,3.692,3.736,3.724,-1456,-26,11.152,9942,9775,89.8,89.8,475141
2026-05-31T14:21:59.084,3.692,3.736,3.724,-1452,-31,11.152,9950,9810,89.8,89.8,475203
2026-05-31T14:21:59.308,3.691,3.734,3.723,-1448,-31,11.148,9891,9819,89.8,89.8,475293
2026-05-31T14:21:59.308,3.69,3.733,3.722,-1446,-24,11.145,9897,9803,89.8,89.8,475388
2026-05-31T14:21:59.577,3.69,3.733,3.722,-1452,-14,11.145,9907,9792,89.8,89.8,475472
2026-05-31T14:21:59.577,3.689,3.731,3.723,-1454,-21,11.143,10018,9795,89.8,89.8,475562
2026-05-31T14:21:59.577,3.688,3.732,3.722,-1450,-28,11.142,9861,9775,89.8,89.8,475652
2026-05-31T14:21:59.712,3.686,3.734,3.72,-1450,-38,11.14,9909,9786,89.8,89.8,475757
2026-05-31T14:21:59.712,3.686,3.734,3.72,-1447,-40,11.14,9918,9757,89.8,89.8,475830
2026-05-31T14:21:59.960,3.682,3.734,3.716,-1448,-31,11.132,9899,9759,89.8,89.8,475921
2026-05-31T14:21:59.960,3.68,3.734,3.713,-1452,-37,11.127,9915,9719,89.8,89.8,476010
2026-05-31T14:22:00.073,3.677,3.731,3.714,-1450,-44,11.122,9892,9735,89.8,89.8,476127
2026-05-31T14:22:00.073,3.677,3.731,3.714,-1448,-49,11.122,9887,9733,89.8,89.8,476189
2026-05-31T14:22:00.300,3.675,3.729,3.714,-1445,-42,11.118,9937,9735,89.8,89.8,476279
2026-05-31T14:22:00.300,3.673,3.728,3.716,-1447,-45,11.117,9961,9722,89.8,89.8,476373
2026-05-31T14:22:00.548,3.673,3.728,3.716,-1449,-48,11.117,9853,9719,89.8,89.8,476458
2026-05-31T14:22:00.548,3.672,3.728,3.715,-1447,-45,11.115,9879,9710,89.8,89.8,476548
2026-05-31T14:22:00.550,3.671,3.728,3.714,-1447,-41,11.113,10033,9691,89.8,89.8,476638
2026-05-31T14:22:00.748,3.671,3.726,3.709,-1448,-46,11.106,9844,9669,89.8,89.8,476743
2026-05-31T14:22:00.748,3.671,3.726,3.709,-1442,-49,11.106,10305,8679,100.0,69.8,476816
2026-05-31T14:22:00.908,3.68,3.735,3.716,-1427,63,11.131,10233,7742,100.0,69.8,476907
2026-05-31T14:22:00.908,3.68,3.735,3.714,-1347,381,11.129,9569,7669,100.0,69.8,476996
2026-05-31T14:22:01.063,3.681,3.732,3.714,-1267,375,11.127,10954,7655,100.0,69.8,477112
2026-05-31T14:22:01.063,3.681,3.732,3.714,-1247,330,11.127,10797,7637,100.0,69.8,477175
2026-05-31T14:22:01.276,3.678,3.731,3.713,-1244,328,11.122,11206,7635,100.0,69.8,477265
2026-05-31T14:22:01.276,3.676,3.73,3.713,-1240,328,11.119,10359,7644,100.0,69.8,477359
2026-05-31T14:22:01.574,3.676,3.73,3.713,-1238,327,11.119,9092,7594,100.0,69.8,477443
2026-05-31T14:22:01.574,3.675,3.728,3.714,-1233,325,11.117,9884,7596,100.0,69.8,477534
2026-05-31T14:22:01.574,3.673,3.728,3.715,-1227,322,11.116,9762,7579,100.0,69.8,477623
2026-05-31T14:22:01.712,3.672,3.727,3.715,-1225,322,11.114,10704,7613,100.0,69.8,477728
2026-05-31T14:22:01.712,3.672,3.727,3.715,-1224,321,11.114,10804,7584,100.0,69.8,477802
2026-05-31T14:22:01.919,3.672,3.727,3.714,-1226,323,11.113,10507,7595,100.0,69.8,477892
2026-05-31T14:22:01.919,3.671,3.727,3.709,-1227,323,11.107,10404,7585,100.0,69.8,477982
2026-05-31T14:22:02.042,3.671,3.726,3.705,-1224,320,11.102,10615,7545,100.0,69.8,478098
2026-05-31T14:22:02.042,3.671,3.726,3.705,-1223,317,11.102,10368,7539,100.0,69.8,478160
2026-05-31T14:22:02.231,3.67,3.724,3.702,-1218,312,11.096,10391,7556,100.0,69.8,478251
2026-05-31T14:22:02.231,3.67,3.722,3.7,-1215,309,11.092,10591,7536,100.0,69.8,478344
2026-05-31T14:22:02.534,3.67,3.722,3.7,-1217,309,11.092,10126,7561,100.0,69.8,478429
2026-05-31T14:22:02.534,3.67,3.718,3.702,-1218,310,11.09,10657,7537,100.0,69.8,478519
2026-05-31T14:22:02.534,3.67,3.716,3.703,-1219,313,11.089,10596,7529,100.0,69.8,478609
2026-05-31T14:22:02.714,3.67,3.712,3.706,-1219,312,11.088,10169,7521,100.0,69.8,478714
2026-05-31T14:22:02.714,3.67,3.712,3.706,-1217,310,11.088,10476,7512,100.0,69.8,478788
2026-05-31T14:22:02.866,3.669,3.71,3.706,-1215,313,11.085,10615,7539,100.0,69.8,478878
2026-05-31T14:22:02.866,3.669,3.709,3.702,-1213,312,11.08,10507,7503,100.0,69.8,478968
2026-05-31T14:22:03.043,3.669,3.708,3.699,-1211,312,11.076,10449,7516,100.0,69.8,479083
2026-05-31T14:22:03.043,3.669,3.708,3.699,-1209,314,11.076,10155,7568,100.0,69.8,479146
2026-05-31T14:22:03.255,3.668,3.708,3.698,-1209,314,11.074,10610,7544,100.0,69.8,479236
2026-05-31T14:22:03.255,3.668,3.708,3.7,-1212,316,11.076,10405,7559,100.0,69.8,479330
2026-05-31T14:22:03.492,3.668,3.708,3.7,-1216,322,11.076,10307,7588,100.0,69.8,479415
2026-05-31T14:22:03.492,3.668,3.708,3.697,-1216,325,11.073,10664,7556,100.0,69.8,479505
2026-05-31T14:22:03.492,3.667,3.708,3.696,-1212,322,11.071,10598,7593,100.0,69.8,479595
2026-05-31T14:22:03.687,3.665,3.71,3.694,-1210,323,11.069,10500,7571,100.0,69.8,479699
2026-05-31T14:22:03.687,3.665,3.71,3.694,-1208,328,11.069,9086,6270,29.8,20.0,479773
2026-05-31T14:22:03.866,3.737,3.786,3.777,-1202,302,11.3,5277,3221,29.8,20.0,479864
2026-05-31T14:22:03.866,3.781,3.821,3.81,-1039,130,11.412,3948,2510,29.8,20.0,479953
2026-05-31T14:22:04.096,3.808,3.837,3.834,-539,-72,11.479,3693,2432,29.8,20.0,480069
2026-05-31T14:22:04.096,3.808,3.837,3.834,-191,-10,11.479,3690,2431,29.8,20.0,480132
2026-05-31T14:22:04.264,3.823,3.854,3.842,-120,33,11.519,3685,2432,29.8,20.0,480222
2026-05-31T14:22:04.264,3.833,3.864,3.85,-114,39,11.547,3691,2435,29.8,20.0,480315
2026-05-31T14:22:04.500,3.833,3.864,3.85,-115,40,11.547,3688,2444,29.8,20.0,480401
2026-05-31T14:22:04.500,3.839,3.87,3.858,-114,41,11.567,3695,2446,29.8,20.0,480491
2026-05-31T14:22:04.500,3.843,3.873,3.866,-113,43,11.582,3690,2443,29.8,20.0,480581
2026-05-31T14:22:04.700,3.848,3.875,3.869,-112,42,11.592,3704,2443,29.8,20.0,480685
2026-05-31T14:22:04.700,3.848,3.875,3.869,-111,39,11.592,3711,2445,29.8,20.0,480759
2026-05-31T14:22:04.880,3.853,3.879,3.868,-111,40,11.6,3714,2442,29.8,20.0,480850
2026-05-31T14:22:04.880,3.858,3.88,3.874,-111,41,11.612,3707,2443,29.8,20.0,480939
2026-05-31T14:22:05.037,3.862,3.88,3.879,-112,41,11.621,3696,2446,29.8,20.0,481054
2026-05-31T14:22:05.037,3.862,3.88,3.879,-112,41,11.621,3710,2444,29.8,20.0,481118
2026-05-31T14:22:05.214,3.865,3.88,3.882,-114,41,11.627,3713,2450,29.8,20.0,481208
2026-05-31T14:22:05.214,3.866,3.881,3.883,-116,42,11.63,3700,2451,29.8,20.0,481301
2026-05-31T14:22:05.512,3.866,3.881,3.883,-118,44,11.63,3694,2450,29.8,20.0,481386
2026-05-31T14:22:05.512,3.867,3.883,3.884,-116,44,11.634,3709,2450,29.8,20.0,481477
2026-05-31T14:22:05.512,3.868,3.886,3.89,-114,43,11.644,3719,2451,29.8,20.0,481566
2026-05-31T14:22:05.646,3.868,3.892,3.89,-114,43,11.65,3714,2452,29.8,20.0,481670
2026-05-31T14:22:05.646,3.868,3.892,3.89,-115,43,11.65,3710,2448,29.8,20.0,481745
2026-05-31T14:22:05.835,3.869,3.895,3.89,-115,42,11.654,3707,2449,29.8,20.0,481835
2026-05-31T14:22:05.835,3.869,3.897,3.892,-115,42,11.658,3723,2452,29.8,20.0,481925
2026-05-31T14:22:06.000,3.869,3.899,3.891,-115,43,11.659,3723,2450,29.8,20.0,482040
2026-05-31T14:22:06.000,3.869,3.899,3.891,-116,42,11.659,3715,2451,29.8,20.0,482103
2026-05-31T14:22:06.204,3.87,3.899,3.897,-115,41,11.666,3706,2450,29.8,20.0,482194
2026-05-31T14:22:06.204,3.87,3.9,3.901,-115,41,11.671,3720,2451,29.8,20.0,482286
2026-05-31T14:22:06.459,3.87,3.9,3.901,-114,40,11.671,3724,2452,29.8,20.0,482372
2026-05-31T14:22:06.459,3.871,3.904,3.903,-113,40,11.678,3719,2449,29.8,20.0,482463
2026-05-31T14:22:06.459,3.874,3.904,3.905,-112,39,11.683,3717,2449,29.8,20.0,482552
2026-05-31T14:22:06.639,3.876,3.907,3.902,-111,39,11.685,3718,2449,29.8,20.0,482656
2026-05-31T14:22:06.639,3.876,3.907,3.902,-112,41,11.685,3742,2452,29.8,20.0,482731
2026-05-31T14:22:06.813,3.879,3.908,3.9,-112,43,11.687,3740,2451,29.8,20.0,482821
2026-05-31T14:22:06.813,3.882,3.903,3.892,-113,43,11.677,4392,2451,40.0,20.0,482911
2026-05-31T14:22:06.974,3.877,3.904,3.896,-115,94,11.677,4862,2479,40.0,20.0,483025
2026-05-31T14:22:06.974,3.877,3.904,3.896,-136,178,11.677,4929,2489,40.0,20.0,483089
2026-05-31T14:22:07.169,3.876,3.908,3.897,-167,155,11.681,4948,2494,40.0,20.0,483179
2026-05-31T14:22:07.169,3.877,3.91,3.898,-180,142,11.685,4952,2493,40.0,20.0,483271
2026-05-31T14:22:07.433,3.877,3.91,3.898,-183,136,11.685,4968,2490,40.0,20.0,483358
2026-05-31T14:22:07.433,3.879,3.909,3.897,-184,133,11.685,4966,2488,40.0,20.0,483448
2026-05-31T14:22:07.433,3.881,3.909,3.897,-185,131,11.687,4955,2495,40.0,20.0,483538
2026-05-31T14:22:07.604,3.883,3.907,3.897,-186,132,11.687,4955,2496,40.0,20.0,483641
2026-05-31T14:22:07.604,3.883,3.907,3.897,-187,135,11.687,4959,2497,40.0,20.0,483716
2026-05-31T14:22:07.848,3.885,3.906,3.897,-188,136,11.688,4957,2494,40.0,20.0,483807
2026-05-31T14:22:07.850,3.887,3.905,3.899,-186,132,11.691,4963,2491,40.0,20.0,483896
2026-05-31T14:22:07.969,3.888,3.905,3.901,-185,131,11.694,4967,2489,40.0,20.0,484011
2026-05-31T14:22:07.969,3.888,3.905,3.901,-184,131,11.694,4957,2489,40.0,20.0,484075
2026-05-31T14:22:08.177,3.889,3.903,3.906,-183,129,11.698,4975,2489,40.0,20.0,484165
2026-05-31T14:22:08.177,3.889,3.904,3.91,-182,130,11.703,4965,2495,40.0,20.0,484257
2026-05-31T14:22:08.433,3.889,3.904,3.91,-183,129,11.703,4966,2498,40.0,20.0,484344
2026-05-31T14:22:08.433,3.89,3.904,3.911,-183,129,11.705,4956,2497,40.0,20.0,484434
2026-05-31T14:22:08.433,3.89,3.903,3.912,-183,130,11.705,4964,2496,40.0,20.0,484524
2026-05-31T14:22:08.634,3.89,3.905,3.914,-182,131,11.709,4975,2493,40.0,20.0,484626
2026-05-31T14:22:08.634,3.89,3.905,3.914,-180,131,11.709,4977,2493,40.0,20.0,484702
2026-05-31T14:22:08.778,3.891,3.904,3.916,-179,129,11.711,4963,2493,40.0,20.0,484793
2026-05-31T14:22:08.778,3.89,3.906,3.917,-181,130,11.713,4964,2493,40.0,20.0,484882
2026-05-31T14:22:08.982,3.891,3.909,3.914,-183,131,11.714,4969,2493,40.0,20.0,484996
2026-05-31T14:22:08.982,3.891,3.909,3.914,-183,135,11.714,4965,2493,40.0,20.0,485061
2026-05-31T14:22:09.124,3.891,3.914,3.911,-184,134,11.716,4972,2495,40.0,20.0,485151
2026-05-31T14:22:09.124,3.891,3.918,3.907,-183,133,11.716,4971,2495,40.0,20.0,485242
2026-05-31T14:22:09.468,3.891,3.918,3.907,-183,132,11.716,4965,2497,40.0,20.0,485330
2026-05-31T14:22:09.468,3.891,3.92,3.905,-183,133,11.716,4967,2497,40.0,20.0,485420
2026-05-31T14:22:09.468,3.891,3.921,3.905,-185,134,11.717,4954,2503,40.0,20.0,485510
2026-05-31T14:22:09.645,3.891,3.922,3.904,-186,137,11.717,4943,2507,40.0,20.0,485612
2026-05-31T14:22:09.645,3.891,3.922,3.904,-187,140,11.717,4952,2505,40.0,20.0,485688
2026-05-31T14:22:09.818,3.891,3.923,3.904,-187,142,11.718,4954,2508,40.0,20.0,485779
2026-05-31T14:22:09.818,3.883,3.907,3.872,-185,146,11.662,7041,3517,69.8,49.8,485868
2026-05-31T14:22:09.941,3.86,3.895,3.863,-224,219,11.618,8219,6059,69.8,49.8,485981
2026-05-31T14:22:09.941,3.86,3.895,3.863,-440,233,11.618,8234,6134,69.8,49.8,486047
2026-05-31T14:22:10.159,3.854,3.881,3.867,-650,201,11.602,8305,6203,69.8,49.8,486137
2026-05-31T14:22:10.159,3.849,3.874,3.869,-705,204,11.592,8298,6172,69.8,49.8,486228
2026-05-31T14:22:10.390,3.849,3.874,3.869,-714,204,11.592,8264,6153,69.8,49.8,486316
2026-05-31T14:22:10.390,3.847,3.87,3.867,-712,204,11.584,8353,6175,69.8,49.8,486406
2026-05-31T14:22:10.390,3.846,3.867,3.868,-712,212,11.581,8313,6198,69.8,49.8,486496
2026-05-31T14:22:10.390,3.843,3.866,3.866,-721,214,11.575,8398,6391,69.8,49.8,486597
2026-05-31T14:22:10.707,3.843,3.866,3.866,-722,193,11.575,0,5797,69.8,49.8,486674
2026-05-31T14:22:10.707,3.835,3.861,3.858,-698,185,11.554,0,0,69.8,49.8,486765
2026-05-31T14:22:10.871,3.836,3.864,3.855,-643,289,11.555,0,0,69.8,49.8,486854
2026-05-31T14:22:10.871,3.838,3.864,3.858,-664,231,11.56,0,0,69.8,49.8,486967
2026-05-31T14:22:11.136,3.838,3.864,3.858,-714,218,11.56,0,0,69.8,49.8,487033
2026-05-31T14:22:11.136,3.838,3.865,3.857,-729,222,11.56,0,0,69.8,49.8,487123
2026-05-31T14:22:11.136,3.839,3.865,3.856,-730,221,11.56,0,0,69.8,49.8,487213
2026-05-31T14:22:11.325,3.839,3.865,3.856,-730,221,11.56,0,0,69.8,49.8,487302
2026-05-31T14:22:11.325,3.838,3.866,3.855,-729,220,11.559,0,0,69.8,49.8,487392
2026-05-31T14:22:11.453,3.837,3.867,3.854,-729,221,11.558,0,0,69.8,49.8,487482
2026-05-31T14:22:11.453,3.837,3.868,3.852,-728,223,11.557,0,0,69.8,49.8,487583
2026-05-31T14:22:11.741,3.837,3.868,3.852,-727,225,11.557,0,0,69.8,49.8,487660
2026-05-31T14:22:11.741,3.837,3.868,3.851,-728,225,11.556,0,0,69.8,49.8,487750
2026-05-31T14:22:11.741,3.837,3.868,3.851,-727,226,11.556,0,0,69.8,49.8,487840
2026-05-31T14:22:11.958,3.836,3.868,3.851,-727,226,11.555,0,0,69.8,49.8,487952
2026-05-31T14:22:11.958,3.836,3.868,3.851,-727,225,11.555,0,0,69.8,49.8,488019
2026-05-31T14:22:12.074,3.835,3.87,3.849,-727,224,11.554,0,0,69.8,49.8,488109
2026-05-31T14:22:12.074,3.834,3.87,3.849,-728,224,11.553,0,0,69.8,49.8,488199
2026-05-31T14:22:12.391,3.834,3.87,3.849,-730,223,11.553,0,0,69.8,49.8,488287
2026-05-31T14:22:12.391,3.833,3.871,3.848,-731,223,11.552,0,0,69.8,49.8,488378
2026-05-31T14:22:12.391,3.833,3.871,3.848,-731,223,11.552,0,0,69.8,49.8,488467
2026-05-31T14:22:12.611,3.832,3.872,3.848,-731,224,11.552,0,0,69.8,49.8,488568
2026-05-31T14:22:12.611,3.832,3.872,3.848,-730,224,11.552,0,0,69.8,49.8,488646
2026-05-31T14:22:12.754,3.831,3.873,3.848,-729,223,11.552,0,0,69.8,49.8,488736
2026-05-31T14:22:12.754,3.844,3.879,3.861,-729,215,11.584,0,0,40.0,80.0,488826
2026-05-31T14:22:13.032,3.833,3.865,3.851,-728,-8,11.549,0,0,40.0,80.0,488938
2026-05-31T14:22:13.032,3.833,3.865,3.851,-752,-499,11.549,0,0,40.0,80.0,489004
2026-05-31T14:22:13.032,3.826,3.857,3.846,-860,-531,11.529,0,0,40.0,80.0,489095
2026-05-31T14:22:13.160,3.82,3.854,3.842,-889,-474,11.516,0,0,40.0,80.0,489185
2026-05-31T14:22:13.160,3.82,3.854,3.842,-887,-462,11.516,0,0,40.0,80.0,489273
2026-05-31T14:22:13.381,3.816,3.852,3.839,-883,-459,11.507,0,0,40.0,80.0,489364
2026-05-31T14:22:13.381,3.814,3.852,3.838,-881,-459,11.504,0,0,40.0,80.0,489453
2026-05-31T14:22:13.634,3.811,3.852,3.838,-881,-459,11.501,0,0,40.0,80.0,489554
2026-05-31T14:22:13.634,3.811,3.852,3.838,-879,-458,11.501,0,0,40.0,80.0,489632
2026-05-31T14:22:13.634,3.809,3.853,3.837,-878,-455,11.499,0,0,40.0,80.0,489722
2026-05-31T14:22:13.808,3.808,3.853,3.836,-879,-459,11.497,0,0,40.0,80.0,489812
2026-05-31T14:22:13.808,3.807,3.854,3.835,-880,-460,11.496,0,0,40.0,80.0,489923
2026-05-31T14:22:14.083,3.807,3.854,3.835,-881,-461,11.496,0,0,40.0,80.0,489990
2026-05-31T14:22:14.083,3.806,3.855,3.833,-882,-459,11.494,0,0,40.0,80.0,490081
2026-05-31T14:22:14.083,3.806,3.855,3.831,-882,-457,11.492,0,0,40.0,80.0,490170
2026-05-31T14:22:14.267,3.806,3.855,3.831,-878,-454,11.492,0,0,40.0,80.0,490259
2026-05-31T14:22:14.267,3.805,3.854,3.828,-875,-453,11.487,0,0,40.0,80.0,490350
2026-05-31T14:22:14.448,3.805,3.852,3.827,-878,-457,11.484,0,0,40.0,80.0,490439
2026-05-31T14:22:14.448,3.804,3.849,3.826,-881,-459,11.479,0,0,40.0,80.0,490539
2026-05-31T14:22:14.753,3.804,3.849,3.826,-880,-459,11.479,0,0,40.0,80.0,490618
2026-05-31T14:22:14.756,3.804,3.848,3.825,-881,-457,11.477,0,0,40.0,80.0,490708
2026-05-31T14:22:14.756,3.804,3.847,3.824,-880,-454,11.475,0,0,40.0,80.0,490798
2026-05-31T14:22:14.873,3.804,3.845,3.825,-876,-452,11.474,0,0,40.0,80.0,490909
2026-05-31T14:22:14.873,3.804,3.845,3.825,-873,-451,11.474,0,0,40.0,80.0,490976
2026-05-31T14:22:15.064,3.804,3.844,3.825,-873,-450,11.473,0,0,40.0,80.0,491067
2026-05-31T14:22:15.064,3.803,3.844,3.824,-873,-449,11.471,0,0,40.0,80.0,491156
2026-05-31T14:22:15.348,3.803,3.844,3.824,-875,-448,11.471,0,0,40.0,80.0,491245
2026-05-31T14:22:15.348,3.803,3.842,3.826,-875,-449,11.471,0,0,40.0,80.0,491336
2026-05-31T14:22:15.348,3.803,3.841,3.827,-875,-449,11.471,0,0,40.0,80.0,491425
2026-05-31T14:22:15.526,3.803,3.84,3.828,-877,-446,11.471,0,0,40.0,80.0,491525
2026-05-31T14:22:15.526,3.803,3.84,3.828,-879,-446,11.471,0,0,40.0,80.0,491604
2026-05-31T14:22:15.735,3.803,3.839,3.829,-878,-444,11.471,0,0,40.0,80.0,491694
2026-05-31T14:22:15.735,3.802,3.839,3.829,-879,-445,11.47,0,0,40.0,80.0,491784
2026-05-31T14:22:15.866,3.803,3.837,3.83,-881,-448,11.47,0,0,40.0,80.0,491894
2026-05-31T14:22:15.868,3.803,3.837,3.83,-879,-448,11.47,0,0,40.0,29.8,491962
2026-05-31T14:22:16.030,3.836,3.866,3.867,-871,-339,11.569,0,0,40.0,29.8,492053
2026-05-31T14:22:16.030,3.849,3.88,3.876,-744,119,11.605,0,0,40.0,29.8,492142
2026-05-31T14:22:16.314,3.849,3.88,3.876,-425,237,11.605,0,0,40.0,29.8,492231
2026-05-31T14:22:16.314,3.857,3.889,3.882,-266,105,11.628,0,0,40.0,29.8,492321
2026-05-31T14:22:16.314,3.862,3.893,3.886,-245,75,11.641,0,0,40.0,29.8,492411
2026-05-31T14:22:16.510,3.865,3.897,3.888,-243,73,11.65,0,0,40.0,29.8,492510
2026-05-31T14:22:16.510,3.865,3.897,3.888,-243,73,11.65,0,0,40.0,29.8,492589
2026-05-31T14:22:16.706,3.868,3.898,3.891,-243,74,11.657,0,0,40.0,29.8,492680
2026-05-31T14:22:16.706,3.869,3.899,3.896,-243,73,11.664,0,0,40.0,29.8,492769
2026-05-31T14:22:16.848,3.87,3.903,3.901,-243,73,11.674,0,0,40.0,29.8,492880
2026-05-31T14:22:16.848,3.87,3.903,3.901,-242,74,11.674,0,0,40.0,29.8,492948
2026-05-31T14:22:17.012,3.872,3.905,3.902,-241,74,11.679,0,0,40.0,29.8,493038
2026-05-31T14:22:17.012,3.874,3.907,3.903,-241,74,11.684,0,0,40.0,29.8,493128
2026-05-31T14:22:17.335,3.874,3.907,3.903,-241,71,11.684,0,0,40.0,29.8,493217
2026-05-31T14:22:17.335,3.874,3.91,3.901,-241,71,11.685,0,0,40.0,29.8,493307
2026-05-31T14:22:17.335,3.877,3.91,3.899,-241,74,11.686,0,0,40.0,29.8,493397
2026-05-31T14:22:17.462,3.88,3.909,3.898,-240,73,11.687,0,0,40.0,29.8,493496
2026-05-31T14:22:17.462,3.88,3.909,3.898,-240,73,11.687,0,0,40.0,29.8,493575
2026-05-31T14:22:17.649,3.881,3.909,3.897,-240,73,11.687,0,0,40.0,29.8,493666
2026-05-31T14:22:17.649,3.883,3.908,3.896,-240,73,11.687,0,0,40.0,29.8,493755
2026-05-31T14:22:17.855,3.886,3.906,3.897,-241,71,11.689,0,0,40.0,29.8,493865
2026-05-31T14:22:17.855,3.886,3.906,3.897,-241,72,11.689,0,0,40.0,29.8,493934
2026-05-31T14:22:18.015,3.887,3.905,3.897,-242,74,11.689,0,0,40.0,29.8,494024
2026-05-31T14:22:18.015,3.888,3.904,3.899,-242,75,11.691,0,0,40.0,29.8,494114
2026-05-31T14:22:18.277,3.888,3.904,3.899,-241,76,11.691,0,0,40.0,29.8,494203
2026-05-31T14:22:18.284,3.889,3.904,3.901,-241,75,11.694,0,0,40.0,29.8,494293
2026-05-31T14:22:18.284,3.889,3.903,3.902,-243,73,11.694,0,0,40.0,29.8,494383
2026-05-31T14:22:18.459,3.89,3.902,3.904,-243,74,11.696,0,0,40.0,29.8,494481
2026-05-31T14:22:18.459,3.89,3.902,3.904,-244,75,11.696,0,0,40.0,29.8,494561
2026-05-31T14:22:18.637,3.89,3.903,3.909,-244,76,11.702,0,0,40.0,29.8,494652
2026-05-31T14:22:18.637,3.89,3.903,3.914,-244,77,11.707,0,0,40.0,29.8,494741
2026-05-31T14:22:18.825,3.89,3.903,3.917,-244,76,11.71,0,0,40.0,29.8,494851
2026-05-31T14:22:18.825,3.89,3.903,3.917,-244,79,11.71,0,0,69.8,29.8,494920
2026-05-31T14:22:19.015,3.864,3.885,3.897,-265,230,11.646,0,0,69.8,29.8,495010
2026-05-31T14:22:19.015,3.857,3.883,3.89,-396,526,11.63,0,0,69.8,29.8,495100
2026-05-31T14:22:19.272,3.857,3.883,3.89,-530,458,11.63,0,0,69.8,29.8,495189
2026-05-31T14:22:19.272,3.854,3.881,3.885,-561,402,11.62,0,0,69.8,29.8,495279
2026-05-31T14:22:19.272,3.852,3.881,3.883,-562,390,11.616,0,0,69.8,29.8,495369
2026-05-31T14:22:19.429,3.85,3.881,3.881,-558,385,11.612,0,0,69.8,29.8,495467
2026-05-31T14:22:19.429,3.85,3.881,3.881,-556,382,11.612,0,0,69.8,29.8,495547
2026-05-31T14:22:19.638,3.85,3.879,3.88,-557,382,11.609,0,0,69.8,29.8,495637
2026-05-31T14:22:19.638,3.849,3.879,3.88,-558,381,11.608,0,0,69.8,29.8,495727
2026-05-31T14:22:19.848,3.849,3.879,3.879,-559,383,11.607,0,0,69.8,29.8,495836
2026-05-31T14:22:19.850,3.849,3.879,3.879,-559,382,11.607,0,0,69.8,29.8,495906
2026-05-31T14:22:19.965,3.849,3.879,3.88,-559,382,11.608,0,0,69.8,29.8,495996
2026-05-31T14:22:19.965,3.848,3.88,3.879,-558,384,11.607,0,0,69.8,29.8,496086
2026-05-31T14:22:20.259,3.848,3.88,3.879,-557,386,11.607,0,0,69.8,29.8,496174
2026-05-31T14:22:20.259,3.848,3.879,3.879,-558,387,11.606,0,0,69.8,29.8,496265
2026-05-31T14:22:20.259,3.848,3.879,3.88,-558,386,11.607,0,0,69.8,29.8,496354
2026-05-31T14:22:20.461,3.848,3.879,3.879,-555,383,11.606,0,0,69.8,29.8,496452
2026-05-31T14:22:20.461,3.848,3.879,3.879,-552,380,11.606,0,0,69.8,29.8,496533
2026-05-31T14:22:20.660,3.848,3.879,3.88,-555,380,11.607,0,0,69.8,29.8,496623
2026-05-31T14:22:20.660,3.847,3.879,3.88,-556,382,11.606,0,0,69.8,29.8,496713
2026-05-31T14:22:20.915,3.847,3.88,3.88,-554,383,11.607,0,0,69.8,29.8,496822
2026-05-31T14:22:20.915,3.847,3.88,3.88,-553,382,11.607,0,0,69.8,29.8,496891
2026-05-31T14:22:20.915,3.847,3.879,3.88,-553,381,11.606,0,0,69.8,29.8,496982
2026-05-31T14:22:21.080,3.847,3.88,3.88,-553,381,11.607,0,0,69.8,29.8,497071
2026-05-31T14:22:21.080,3.847,3.88,3.88,-553,382,11.607,0,0,69.8,29.8,497160
2026-05-31T14:22:21.276,3.847,3.879,3.879,-555,383,11.605,0,0,69.8,29.8,497251
2026-05-31T14:22:21.276,3.847,3.879,3.88,-557,385,11.606,0,0,69.8,29.8,497340
2026-05-31T14:22:21.531,3.847,3.88,3.88,-556,385,11.607,0,0,69.8,29.8,497438
2026-05-31T14:22:21.531,3.847,3.88,3.88,-556,386,11.607,0,0,69.8,29.8,497519
2026-05-31T14:22:21.531,3.847,3.88,3.88,-557,386,11.607,0,0,69.8,29.8,497609
2026-05-31T14:22:21.718,3.847,3.88,3.88,-556,386,11.607,0,0,69.8,29.8,497699
2026-05-31T14:22:21.718,3.847,3.88,3.88,-557,386,11.607,0,0,69.8,29.8,497807
2026-05-31T14:22:21.952,3.847,3.88,3.88,-558,384,11.607,0,0,69.8,29.8,497877
2026-05-31T14:22:21.952,3.847,3.88,3.871,-557,388,11.598,0,0,100.0,89.8,497968
2026-05-31T14:22:21.952,3.775,3.816,3.793,-558,453,11.384,0,0,100.0,89.8,498057
2026-05-31T14:22:22.152,3.775,3.816,3.793,-667,212,11.384,0,0,100.0,89.8,498146
2026-05-31T14:22:22.152,3.739,3.784,3.763,-1066,-29,11.286,0,0,100.0,89.8,498237
2026-05-31T14:22:22.332,3.714,3.761,3.743,-1420,52,11.218,0,0,100.0,89.8,498326
2026-05-31T14:22:22.332,3.696,3.748,3.732,-1515,67,11.176,0,0,100.0,89.8,498423
2026-05-31T14:22:22.583,3.696,3.748,3.732,-1513,68,11.176,0,0,100.0,89.8,498505
2026-05-31T14:22:22.583,3.685,3.739,3.719,-1509,72,11.143,0,0,100.0,89.8,498595
2026-05-31T14:22:22.583,3.679,3.729,3.713,-1504,73,11.121,0,0,100.0,89.8,498685
