timestamp,cell1_v,cell2_v,cell3_v,loadcell1,loadcell2,pack_v,rpm1,rpm2,throttle1,throttle2
2026-04-05T09:52:50.150,4.071,4.093,4.098,9,-14,12.262,0,0,0.0,0.0
2026-04-05T09:52:50.150,4.072,4.093,4.098,9,-14,12.263,0,0,0.0,0.0
2026-04-05T09:52:50.150,4.072,4.093,4.098,9,-14,12.263,0,0,0.0,0.0
2026-04-05T09:52:50.436,4.072,4.093,4.098,9,-14,12.263,0,0,0.0,0.0
2026-04-05T09:52:50.436,4.072,4.093,4.097,9,-14,12.262,0,0,0.0,0.0
2026-04-05T09:52:50.544,4.072,4.093,4.098,9,-14,12.263,0,0,0.0,0.0
2026-04-05T09:52:50.544,4.072,4.093,4.098,9,-14,12.263,0,0,0.0,0.0
2026-04-05T09:52:50.717,4.072,4.093,4.097,9,-14,12.262,0,0,0.0,0.0
2026-04-05T09:52:50.717,4.072,4.093,4.098,9,-15,12.263,0,0,0.0,0.0
2026-04-05T09:52:50.867,4.072,4.093,4.097,9,-14,12.262,0,0,0.0,0.0
2026-04-05T09:52:50.867,4.072,4.093,4.097,9,-14,12.262,0,0,0.0,0.0
2026-04-05T09:52:51.214,4.073,4.093,4.098,9,-14,12.264,0,0,0.0,0.0
2026-04-05T09:52:51.214,4.072,4.093,4.098,9,-14,12.263,0,0,0.0,0.0
2026-04-05T09:52:51.214,4.072,4.093,4.098,9,-14,12.263,0,0,0.0,0.0
2026-04-05T09:52:51.452,4.072,4.093,4.098,9,-14,12.263,0,0,0.0,0.0
2026-04-05T09:52:51.452,4.072,4.093,4.098,9,-14,12.263,0,0,0.0,0.0
2026-04-05T09:52:51.452,4.072,4.093,4.098,9,-14,12.263,0,0,0.0,0.0
2026-04-05T09:52:51.734,4.072,4.093,4.098,9,-14,12.263,0,0,0.0,0.0
2026-04-05T09:52:51.734,4.072,4.093,4.098,9,-14,12.263,0,0,0.0,0.0
2026-04-05T09:52:51.734,4.073,4.092,4.098,9,-14,12.263,0,0,0.0,0.0
2026-04-05T09:52:51.884,4.073,4.093,4.098,9,-14,12.264,0,0,0.0,0.0
2026-04-05T09:52:51.884,4.073,4.093,4.098,9,-14,12.264,0,0,0.0,0.0
2026-04-05T09:52:52.210,4.072,4.093,4.098,9,-15,12.263,0,0,0.0,0.0
2026-04-05T09:52:52.210,4.072,4.093,4.098,9,-14,12.263,0,0,0.0,0.0
2026-04-05T09:52:52.210,4.072,4.093,4.098,9,-14,12.263,0,0,0.0,0.0
2026-04-05T09:52:52.435,4.072,4.093,4.098,9,-14,12.263,0,0,0.0,0.0
2026-04-05T09:52:52.435,4.071,4.094,4.097,9,-14,12.262,0,0,0.0,0.0
2026-04-05T09:52:52.435,4.071,4.093,4.098,9,-14,12.262,0,0,0.0,0.0
2026-04-05T09:52:52.691,4.071,4.093,4.098,9,-14,12.262,0,0,0.0,0.0
2026-04-05T09:52:52.691,4.072,4.093,4.098,9,-14,12.263,0,0,0.0,0.0
2026-04-05T09:52:52.691,4.072,4.093,4.097,9,-14,12.262,0,0,0.0,0.0
2026-04-05T09:52:52.848,4.072,4.093,4.098,9,-14,12.263,0,0,0.0,0.0
2026-04-05T09:52:52.848,4.072,4.093,4.098,9,-14,12.263,0,0,0.0,0.0
2026-04-05T09:52:53.138,4.071,4.094,4.097,9,-15,12.262,0,0,0.0,0.0
2026-04-05T09:52:53.138,4.071,4.093,4.098,9,-15,12.262,0,0,0.0,0.0
2026-04-05T09:52:53.138,4.071,4.093,4.098,9,-14,12.262,0,0,0.0,0.0
2026-04-05T09:52:53.420,4.071,4.093,4.098,9,-14,12.262,0,0,0.0,0.0
2026-04-05T09:52:53.420,4.072,4.093,4.098,9,-14,12.263,0,0,0.0,0.0
2026-04-05T09:52:53.420,4.072,4.093,4.098,9,-15,12.263,0,0,0.0,0.0
2026-04-05T09:52:53.739,4.072,4.093,4.098,9,-14,12.263,0,0,0.0,0.0
2026-04-05T09:52:53.739,4.073,4.093,4.098,9,-15,12.264,0,0,0.0,0.0
2026-04-05T09:52:53.739,4.072,4.093,4.098,8,-15,12.263,0,0,0.0,0.0
2026-04-05T09:52:53.880,4.072,4.093,4.097,8,-14,12.262,0,0,0.0,0.0
2026-04-05T09:52:53.880,4.072,4.093,4.097,8,-14,12.262,0,0,0.0,0.0
2026-04-05T09:52:54.108,4.073,4.093,4.098,9,-14,12.264,0,0,0.0,0.0
2026-04-05T09:52:54.108,4.072,4.093,4.097,9,-14,12.262,0,0,0.0,0.0
2026-04-05T09:52:54.110,4.072,4.093,4.097,9,-14,12.262,0,0,0.0,0.0
2026-04-05T09:52:54.355,4.073,4.092,4.098,9,-14,12.263,0,0,0.0,0.0
2026-04-05T09:52:54.355,4.073,4.093,4.098,9,-14,12.264,0,0,0.0,0.0
2026-04-05T09:52:54.355,4.074,4.092,4.098,9,-14,12.264,0,0,0.0,0.0
2026-04-05T09:52:54.746,4.074,4.092,4.098,9,-14,12.264,0,0,0.0,0.0
2026-04-05T09:52:54.746,4.073,4.093,4.098,8,-14,12.264,0,0,0.0,0.0
2026-04-05T09:52:54.746,4.072,4.093,4.098,8,-14,12.263,0,0,0.0,0.0
2026-04-05T09:52:54.891,4.073,4.093,4.098,8,-14,12.264,0,0,0.0,0.0
2026-04-05T09:52:54.891,4.073,4.093,4.098,9,-14,12.264,0,0,0.0,0.0
2026-04-05T09:52:55.095,4.072,4.093,4.097,9,-15,12.262,0,0,0.0,0.0
2026-04-05T09:52:55.095,4.072,4.093,4.098,8,-14,12.263,0,0,0.0,0.0
2026-04-05T09:52:55.095,4.072,4.093,4.098,8,-14,12.263,0,0,0.0,0.0
2026-04-05T09:52:55.284,4.072,4.094,4.097,8,-14,12.263,0,0,0.0,0.0
2026-04-05T09:52:56.319,4.07,4.094,4.098,8,0,12.262,0,0,0.0,0.0
2026-04-05T09:52:56.319,4.071,4.094,4.098,9,0,12.263,0,0,0.0,0.0
2026-04-05T09:52:56.522,4.071,4.094,4.098,9,0,12.263,0,0,0.0,0.0
2026-04-05T09:52:56.522,4.071,4.094,4.098,9,0,12.263,0,0,0.0,0.0
2026-04-05T09:52:56.522,4.071,4.093,4.098,9,0,12.262,0,0,0.0,0.0
2026-04-05T09:52:56.670,4.071,4.094,4.098,9,0,12.263,0,0,0.0,0.0
2026-04-05T09:52:57.647,4.07,4.094,4.098,0,0,12.262,0,0,0.0,0.0
2026-04-05T09:52:57.647,4.071,4.094,4.098,0,0,12.263,0,0,0.0,0.0
2026-04-05T09:52:57.769,4.071,4.094,4.098,0,0,12.263,0,0,0.0,0.0
2026-04-05T09:52:57.769,4.071,4.094,4.098,0,0,12.263,0,0,0.0,0.0
2026-04-05T09:52:58.061,4.072,4.093,4.098,0,0,12.263,0,0,0.0,0.0
2026-04-05T09:52:58.061,4.071,4.093,4.098,0,0,12.262,0,0,0.0,0.0
2026-04-05T09:52:58.061,4.071,4.093,4.098,0,0,12.262,0,0,0.0,0.0
2026-04-05T09:52:58.306,4.072,4.093,4.098,0,0,12.263,0,0,0.0,0.0
2026-04-05T09:52:58.306,4.072,4.093,4.098,0,0,12.263,0,0,0.0,0.0
2026-04-05T09:52:58.306,4.071,4.094,4.098,0,0,12.263,0,0,0.0,0.0
2026-04-05T09:52:58.649,4.071,4.094,4.098,0,0,12.263,0,0,0.0,0.0
2026-04-05T09:52:58.649,4.072,4.093,4.098,0,0,12.263,0,0,0.0,0.0
2026-04-05T09:52:58.649,4.072,4.093,4.098,0,0,12.263,0,0,0.0,0.0
2026-04-05T09:52:58.770,4.071,4.094,4.098,0,0,12.263,0,0,0.0,0.0
2026-04-05T09:52:58.770,4.071,4.094,4.098,0,0,12.263,0,0,0.0,0.0
2026-04-05T09:52:59.055,4.071,4.093,4.098,0,0,12.262,0,0,0.0,0.0
2026-04-05T09:52:59.055,4.071,4.093,4.098,0,0,12.262,0,0,0.0,0.0
2026-04-05T09:52:59.055,4.071,4.093,4.098,0,0,12.262,0,0,0.0,0.0
2026-04-05T09:52:59.299,4.072,4.093,4.098,0,0,12.263,0,0,0.0,0.0
2026-04-05T09:52:59.299,4.072,4.093,4.098,0,0,12.263,0,0,0.0,0.0
2026-04-05T09:52:59.299,4.072,4.093,4.098,0,0,12.263,0,0,0.0,0.0
2026-04-05T09:52:59.570,4.072,4.093,4.098,0,0,12.263,0,0,0.0,0.0
2026-04-05T09:52:59.570,4.072,4.093,4.098,0,0,12.263,0,0,0.0,0.0
2026-04-05T09:52:59.570,4.072,4.093,4.098,0,0,12.263,0,0,0.0,0.0
2026-04-05T09:52:59.777,4.072,4.093,4.098,0,0,12.263,0,0,0.0,0.0
2026-04-05T09:52:59.777,4.072,4.093,4.098,0,0,12.263,0,0,0.0,0.0
2026-04-05T09:53:00.004,4.072,4.093,4.098,0,0,12.263,0,0,0.0,0.0
2026-04-05T09:53:00.004,4.071,4.093,4.098,0,0,12.262,0,0,0.0,0.0
2026-04-05T09:53:00.004,4.071,4.093,4.098,0,0,12.262,0,0,0.0,0.0
2026-04-05T09:53:00.319,4.071,4.093,4.098,0,0,12.262,0,0,0.0,0.0
2026-04-05T09:53:00.319,4.071,4.094,4.097,0,0,12.262,0,0,0.0,0.0
2026-04-05T09:53:00.319,4.072,4.093,4.097,0,0,12.262,0,0,0.0,0.0
2026-04-05T09:53:00.565,4.072,4.093,4.097,0,0,12.262,0,0,0.0,0.0
2026-04-05T09:53:00.565,4.072,4.093,4.098,0,0,12.263,0,0,0.0,0.0
2026-04-05T09:53:00.565,4.072,4.093,4.097,0,0,12.262,0,0,0.0,0.0
2026-04-05T09:53:00.760,4.073,4.093,4.098,0,0,12.264,0,0,0.0,0.0
2026-04-05T09:53:00.760,4.073,4.093,4.098,0,0,12.264,0,0,0.0,0.0
2026-04-05T09:53:00.998,4.072,4.093,4.097,0,0,12.262,0,0,0.0,0.0
2026-04-05T09:53:00.998,4.073,4.093,4.098,0,0,12.264,0,0,0.0,0.0
2026-04-05T09:53:00.998,4.073,4.093,4.098,0,0,12.264,0,0,0.0,0.0
2026-04-05T09:53:01.253,4.073,4.093,4.097,0,0,12.263,0,0,0.0,0.0
2026-04-05T09:53:01.253,4.073,4.093,4.097,0,0,12.263,0,0,0.0,0.0
2026-04-05T09:53:01.267,4.072,4.093,4.098,0,0,12.263,0,0,0.0,0.0
2026-04-05T09:53:01.579,4.072,4.093,4.098,0,0,12.263,0,0,0.0,0.0
2026-04-05T09:53:01.579,4.072,4.093,4.097,0,0,12.262,0,0,100.0,100.0
2026-04-05T09:53:01.579,4.071,4.093,4.099,-9,-3,12.263,333,333,100.0,100.0
2026-04-05T09:53:01.723,4.07,4.096,4.098,-34,-7,12.264,1110,1110,100.0,100.0
2026-04-05T09:53:01.723,4.07,4.096,4.098,-28,0,12.264,1110,1110,100.0,100.0
2026-04-05T09:53:01.997,4.06,4.08,4.079,-48,17,12.219,2610,2237,100.0,100.0
2026-04-05T09:53:01.997,4.024,4.035,4.034,-94,85,12.093,2610,2237,100.0,100.0
2026-04-05T09:53:01.997,4.024,4.035,4.034,-141,259,12.093,6048,5376,100.0,100.0
2026-04-05T09:53:02.267,3.953,3.965,3.962,-244,574,11.88,6048,5376,100.0,100.0
2026-04-05T09:53:02.267,3.911,3.924,3.925,-334,949,11.76,8331,7331,100.0,100.0
2026-04-05T09:53:02.267,3.885,3.904,3.898,-279,1185,11.687,8331,7331,100.0,100.0
2026-04-05T09:53:02.538,3.885,3.904,3.898,-248,1278,11.687,8738,8066,100.0,100.0
2026-04-05T09:53:02.538,3.869,3.887,3.888,-250,1299,11.644,8738,8066,100.0,100.0
2026-04-05T09:53:02.538,3.86,3.876,3.876,-251,1305,11.612,8330,8330,100.0,100.0
2026-04-05T09:53:02.713,3.851,3.871,3.866,-252,1305,11.588,8932,7816,100.0,100.0
2026-04-05T09:53:02.713,3.851,3.871,3.866,-250,1304,11.588,8932,7816,100.0,100.0
2026-04-05T09:53:02.967,3.845,3.866,3.864,-250,1300,11.575,8546,8175,100.0,100.0
2026-04-05T09:53:02.967,3.838,3.862,3.86,-250,1295,11.56,8546,8175,100.0,100.0
2026-04-05T09:53:02.967,3.838,3.862,3.86,-249,1291,11.56,8400,8064,100.0,100.0
2026-04-05T09:53:03.284,3.833,3.86,3.853,-246,1288,11.546,8400,8064,100.0,100.0
2026-04-05T09:53:03.284,3.83,3.858,3.849,-245,1286,11.537,8332,7999,100.0,100.0
2026-04-05T09:53:03.284,3.827,3.855,3.846,-245,1284,11.528,8332,7999,100.0,100.0
2026-04-05T09:53:03.522,3.827,3.855,3.846,-245,1281,11.528,8401,8065,100.0,100.0
2026-04-05T09:53:03.522,3.826,3.85,3.844,-245,1279,11.52,8401,8065,100.0,100.0
2026-04-05T09:53:03.522,3.826,3.844,3.841,-244,1276,11.511,8664,7998,100.0,100.0
2026-04-05T09:53:03.727,3.825,3.841,3.839,-243,1272,11.505,8420,7859,100.0,100.0
2026-04-05T09:53:03.727,3.825,3.841,3.839,-243,1269,11.505,8420,7859,100.0,100.0
2026-04-05T09:53:03.974,3.822,3.842,3.837,-243,1265,11.501,8146,8146,100.0,100.0
2026-04-05T09:53:03.974,3.818,3.841,3.837,-242,1262,11.496,8146,8146,100.0,100.0
2026-04-05T09:53:03.974,3.818,3.841,3.837,-240,1260,11.496,8397,8061,100.0,100.0
2026-04-05T09:53:04.238,3.814,3.839,3.836,-239,1259,11.489,8397,8061,100.0,100.0
2026-04-05T09:53:04.239,3.81,3.838,3.833,-240,1257,11.481,8334,7667,100.0,100.0
2026-04-05T09:53:04.239,3.807,3.837,3.832,-238,1256,11.476,8334,7667,100.0,100.0
2026-04-05T09:53:04.541,3.807,3.837,3.832,-238,1255,11.476,8401,8065,100.0,100.0
2026-04-05T09:53:04.541,3.806,3.836,3.832,-237,1252,11.474,8401,8065,100.0,100.0
2026-04-05T09:53:04.541,3.804,3.836,3.828,-236,1250,11.468,8329,7996,100.0,100.0
2026-04-05T09:53:04.668,3.803,3.835,3.825,-236,1248,11.463,8470,7905,100.0,100.0
2026-04-05T09:53:04.674,3.803,3.835,3.825,-236,1246,11.463,8470,7905,100.0,100.0
2026-04-05T09:53:04.984,3.803,3.83,3.823,-234,1244,11.456,8115,8115,100.0,100.0
2026-04-05T09:53:04.984,3.803,3.825,3.823,-233,1241,11.451,8115,8115,100.0,100.0
2026-04-05T09:53:04.984,3.803,3.825,3.823,-234,1241,11.451,8399,8063,100.0,100.0
2026-04-05T09:53:05.235,3.802,3.823,3.823,-235,1239,11.448,8399,8063,100.0,100.0
2026-04-05T09:53:05.235,3.802,3.82,3.823,-235,1237,11.445,8334,7667,100.0,100.0
2026-04-05T09:53:05.235,3.801,3.818,3.821,-234,1234,11.44,8334,7667,100.0,100.0
2026-04-05T09:53:05.489,3.801,3.818,3.821,-235,1232,11.44,8400,8064,100.0,100.0
2026-04-05T09:53:05.489,3.8,3.818,3.817,-234,1230,11.435,8400,8064,100.0,100.0
2026-04-05T09:53:05.489,3.799,3.818,3.811,-235,1229,11.428,7995,7995,100.0,100.0
2026-04-05T09:53:05.675,3.796,3.817,3.811,-235,1227,11.424,8517,7382,100.0,100.0
2026-04-05T09:53:05.675,3.796,3.817,3.811,-234,1226,11.424,8517,7382,100.0,100.0
2026-04-05T09:53:05.853,3.794,3.814,3.813,-232,1224,11.421,8085,8085,100.0,100.0
2026-04-05T09:53:05.853,3.791,3.813,3.814,-231,1225,11.418,8085,8085,100.0,100.0
2026-04-05T09:53:06.068,3.788,3.814,3.815,-233,1224,11.417,8432,7850,100.0,100.0
2026-04-05T09:53:06.068,3.788,3.814,3.815,-233,1221,11.417,8432,7850,100.0,100.0
2026-04-05T09:53:06.318,3.786,3.813,3.811,-233,1218,11.41,8277,7883,100.0,100.0
2026-04-05T09:53:06.318,3.784,3.813,3.809,-233,1215,11.406,8277,7883,100.0,100.0
2026-04-05T09:53:06.318,3.784,3.813,3.809,-232,1213,11.406,8065,8065,100.0,100.0
2026-04-05T09:53:06.578,3.783,3.813,3.805,-232,1211,11.401,8065,8065,100.0,100.0
2026-04-05T09:53:06.578,3.782,3.814,3.8,-232,1210,11.396,8330,7664,100.0,100.0
2026-04-05T09:53:06.578,3.781,3.812,3.799,-232,1206,11.392,7992,7992,100.0,100.0
2026-04-05T09:53:06.840,3.781,3.812,3.799,-231,1205,11.392,7992,7992,100.0,100.0
2026-04-05T09:53:06.840,3.781,3.808,3.802,-230,1205,11.391,8056,7690,100.0,100.0
2026-04-05T09:53:06.840,3.781,3.805,3.803,-231,1202,11.389,8056,7690,100.0,100.0
2026-04-05T09:53:07.015,3.781,3.801,3.806,-231,1200,11.388,8166,7874,100.0,100.0
2026-04-05T09:53:07.015,3.781,3.801,3.806,-232,1200,11.388,8166,7874,100.0,100.0
2026-04-05T09:53:07.271,3.78,3.798,3.806,-231,1199,11.384,8241,7849,100.0,100.0
2026-04-05T09:53:07.271,3.78,3.796,3.801,-230,1198,11.377,8241,7849,100.0,100.0
2026-04-05T09:53:07.271,3.78,3.796,3.801,-229,1197,11.377,8400,8064,100.0,100.0
2026-04-05T09:53:07.588,3.779,3.795,3.798,-228,1196,11.372,8400,8064,100.0,100.0
2026-04-05T09:53:07.588,3.779,3.795,3.794,-227,1197,11.368,8000,7666,100.0,100.0
2026-04-05T09:53:07.588,3.778,3.795,3.792,-229,1196,11.365,8039,8039,100.0,100.0
2026-04-05T09:53:07.845,3.778,3.795,3.792,-229,1195,11.365,8039,8039,100.0,100.0
2026-04-05T09:53:07.845,3.777,3.795,3.791,-228,1195,11.363,8389,7660,100.0,100.0
2026-04-05T09:53:07.845,3.775,3.795,3.793,-228,1193,11.363,8389,7660,100.0,100.0
2026-04-05T09:53:08.040,3.773,3.796,3.792,-228,1194,11.361,7899,7899,100.0,100.0
2026-04-05T09:53:08.040,3.773,3.796,3.792,-227,1192,11.361,7899,7899,100.0,100.0
2026-04-05T09:53:08.272,3.77,3.795,3.794,-227,1191,11.359,8207,7816,100.0,100.0
2026-04-05T09:53:08.272,3.769,3.792,3.796,-228,1189,11.357,8207,7816,100.0,100.0
2026-04-05T09:53:08.272,3.769,3.792,3.796,-227,1189,11.357,8064,7728,100.0,100.0
2026-04-05T09:53:08.484,3.766,3.792,3.796,-227,1188,11.354,8064,7728,100.0,100.0
2026-04-05T09:53:08.484,3.764,3.793,3.793,-227,1186,11.35,8331,7997,100.0,100.0
2026-04-05T09:53:08.616,3.762,3.792,3.79,-227,1186,11.344,8090,7512,100.0,100.0
2026-04-05T09:53:08.616,3.762,3.792,3.79,-225,1185,11.344,8090,7512,100.0,100.0
2026-04-05T09:53:08.812,3.762,3.791,3.787,-226,1184,11.34,7996,7996,100.0,100.0
2026-04-05T09:53:08.812,3.76,3.792,3.786,-225,1182,11.338,7996,7996,100.0,100.0
2026-04-05T09:53:08.986,3.759,3.793,3.784,-226,1181,11.336,8214,7627,100.0,100.0
2026-04-05T09:53:08.986,3.759,3.793,3.784,-225,1182,11.336,8214,7627,100.0,100.0
2026-04-05T09:53:09.239,3.759,3.792,3.783,-224,1180,11.334,7787,7787,100.0,100.0
2026-04-05T09:53:09.239,3.759,3.789,3.785,-225,1180,11.333,7787,7787,100.0,100.0
2026-04-05T09:53:09.239,3.759,3.789,3.785,-224,1179,11.333,8398,7726,100.0,100.0
2026-04-05T09:53:09.543,3.759,3.789,3.783,-223,1178,11.331,8398,7726,100.0,100.0
2026-04-05T09:53:09.543,3.758,3.786,3.783,-224,1175,11.327,7999,7999,100.0,100.0
2026-04-05T09:53:09.543,3.758,3.783,3.784,-224,1175,11.325,8133,7552,100.0,100.0
2026-04-05T09:53:09.817,3.758,3.783,3.784,-223,1174,11.325,8133,7552,100.0,100.0
2026-04-05T09:53:09.817,3.758,3.779,3.783,-223,1172,11.32,7968,7605,100.0,100.0
2026-04-05T09:53:09.817,3.758,3.776,3.781,-223,1173,11.315,7968,7605,100.0,100.0
2026-04-05T09:53:10.001,3.758,3.775,3.78,-224,1172,11.313,7944,7944,100.0,100.0
2026-04-05T09:53:10.001,3.758,3.775,3.78,-223,1171,11.313,7944,7944,100.0,100.0
2026-04-05T09:53:10.251,3.758,3.773,3.779,-223,1170,11.31,8144,7756,100.0,100.0
2026-04-05T09:53:10.251,3.758,3.772,3.778,-223,1168,11.308,8144,7756,100.0,100.0
2026-04-05T09:53:10.251,3.758,3.772,3.778,-223,1169,11.308,8067,7731,100.0,100.0
2026-04-05T09:53:10.519,3.757,3.773,3.777,-223,1169,11.307,8067,7731,100.0,100.0
2026-04-05T09:53:10.519,3.757,3.773,3.776,-222,1167,11.306,7996,7663,100.0,100.0
2026-04-05T09:53:10.519,3.756,3.774,3.776,-223,1167,11.306,8178,8178,100.0,100.0
2026-04-05T09:53:10.823,3.756,3.774,3.776,-221,1166,11.306,8178,8178,100.0,100.0
2026-04-05T09:53:10.839,3.754,3.773,3.775,-221,1165,11.302,7944,7583,100.0,100.0
2026-04-05T09:53:10.839,3.752,3.776,3.773,-221,1165,11.301,7944,7583,100.0,100.0
2026-04-05T09:53:10.950,3.749,3.777,3.772,-222,1165,11.298,8257,7667,100.0,100.0
2026-04-05T09:53:10.950,3.749,3.777,3.772,-222,1164,11.298,8257,7667,100.0,100.0
2026-04-05T09:53:11.262,3.748,3.773,3.77,-221,1163,11.291,7733,7733,100.0,100.0
2026-04-05T09:53:11.262,3.746,3.773,3.771,-220,1163,11.29,7733,7733,100.0,100.0
2026-04-05T09:53:11.262,3.746,3.773,3.771,-221,1163,11.29,8065,7729,100.0,100.0
2026-04-05T09:53:11.491,3.744,3.774,3.77,-220,1161,11.288,8065,7729,100.0,100.0
2026-04-05T09:53:11.491,3.743,3.773,3.769,-220,1161,11.285,7998,7665,100.0,100.0
2026-04-05T09:53:11.491,3.742,3.77,3.77,-220,1161,11.282,8217,8217,100.0,100.0
2026-04-05T09:53:11.775,3.742,3.77,3.77,-221,1160,11.282,8217,8217,100.0,100.0
2026-04-05T09:53:11.775,3.741,3.77,3.77,-220,1160,11.281,7919,7559,100.0,100.0
2026-04-05T09:53:11.775,3.739,3.77,3.77,-220,1158,11.279,7919,7559,100.0,100.0
2026-04-05T09:53:11.950,3.739,3.77,3.77,-219,1157,11.279,7985,7689,100.0,100.0
2026-04-05T09:53:11.950,3.739,3.77,3.77,-219,1156,11.279,7985,7689,100.0,100.0
2026-04-05T09:53:12.190,3.738,3.77,3.77,-218,1157,11.278,8094,7708,100.0,100.0
2026-04-05T09:53:12.190,3.737,3.77,3.768,-219,1157,11.275,8094,7708,100.0,100.0
2026-04-05T09:53:12.190,3.737,3.77,3.768,-219,1156,11.275,8063,7727,100.0,100.0
2026-04-05T09:53:12.509,3.737,3.77,3.767,-219,1155,11.274,8063,7727,100.0,100.0
2026-04-05T09:53:12.509,3.737,3.769,3.765,-218,1153,11.271,7999,7665,100.0,100.0
2026-04-05T09:53:12.509,3.737,3.769,3.765,-217,1153,11.271,7672,7672,100.0,100.0
2026-04-05T09:53:12.762,3.737,3.769,3.765,-218,1153,11.271,7672,7672,100.0,100.0
2026-04-05T09:53:12.762,3.736,3.769,3.761,-218,1153,11.266,7892,7892,100.0,100.0
2026-04-05T09:53:12.762,3.737,3.767,3.76,-219,1152,11.264,7892,7892,100.0,100.0
2026-04-05T09:53:12.952,3.736,3.764,3.76,-219,1150,11.26,8006,7709,100.0,100.0
2026-04-05T09:53:12.952,3.736,3.764,3.76,-218,1150,11.26,8006,7709,100.0,100.0
2026-04-05T09:53:13.190,3.736,3.763,3.759,-217,1150,11.258,8065,7681,100.0,100.0
2026-04-05T09:53:13.190,3.736,3.761,3.758,-217,1150,11.255,8065,7681,100.0,100.0
2026-04-05T09:53:13.190,3.736,3.761,3.758,-217,1147,11.255,8065,7729,100.0,100.0
2026-04-05T09:53:13.445,3.736,3.757,3.76,-216,1148,11.253,8065,7729,100.0,100.0
2026-04-05T09:53:13.445,3.736,3.755,3.762,-216,1148,11.253,7997,7664,100.0,100.0
2026-04-05T09:53:13.445,3.736,3.754,3.762,-215,1146,11.252,7710,7710,100.0,100.0
2026-04-05T09:53:13.774,3.736,3.754,3.762,-217,1147,11.252,7710,7710,100.0,100.0
2026-04-05T09:53:13.774,3.736,3.752,3.763,-217,1146,11.251,7865,7865,100.0,100.0
2026-04-05T09:53:13.774,3.736,3.751,3.762,-217,1144,11.249,7865,7865,100.0,100.0
2026-04-05T09:53:13.907,3.736,3.751,3.763,-216,1144,11.25,8030,7435,100.0,100.0
2026-04-05T09:53:13.907,3.736,3.751,3.763,-217,1142,11.25,8030,7435,100.0,100.0
2026-04-05T09:53:14.219,3.735,3.751,3.762,-216,1143,11.248,8034,7651,100.0,100.0
2026-04-05T09:53:14.219,3.735,3.751,3.761,-215,1142,11.247,8034,7651,100.0,100.0
2026-04-05T09:53:14.219,3.735,3.751,3.761,-215,1140,11.247,8066,7729,100.0,100.0
2026-04-05T09:53:14.477,3.735,3.75,3.759,-214,1143,11.244,8066,7729,100.0,100.0
2026-04-05T09:53:14.477,3.734,3.751,3.756,-215,1141,11.241,7664,7664,100.0,100.0
2026-04-05T09:53:14.477,3.733,3.752,3.751,-214,1140,11.236,8351,7754,100.0,100.0
2026-04-05T09:53:14.730,3.733,3.752,3.751,-214,1140,11.236,8351,7754,100.0,100.0
2026-04-05T09:53:14.730,3.733,3.751,3.747,-215,1140,11.231,7839,7839,100.0,100.0
2026-04-05T09:53:14.730,3.732,3.751,3.747,-215,1141,11.23,7839,7839,100.0,100.0
2026-04-05T09:53:14.900,3.73,3.752,3.746,-214,1139,11.228,8050,7752,100.0,100.0
2026-04-05T09:53:14.900,3.73,3.752,3.746,-214,1136,11.228,8050,7752,100.0,100.0
2026-04-05T09:53:15.159,3.729,3.752,3.746,-213,1138,11.227,7625,7625,100.0,100.0
2026-04-05T09:53:15.161,3.727,3.752,3.747,-214,1137,11.226,7625,7625,100.0,100.0
2026-04-05T09:53:15.161,3.727,3.752,3.747,-214,1137,11.226,8064,7728,100.0,100.0
2026-04-05T09:53:15.430,3.726,3.748,3.75,-213,1138,11.224,8064,7728,100.0,100.0
2026-04-05T09:53:15.430,3.724,3.75,3.75,-214,1135,11.224,7995,7662,100.0,100.0
2026-04-05T09:53:15.430,3.723,3.748,3.753,-214,1137,11.224,7995,7662,100.0,100.0
2026-04-05T09:53:15.736,3.723,3.748,3.753,-214,1135,11.224,7728,7392,100.0,100.0
2026-04-05T09:53:15.736,3.722,3.748,3.754,-214,1134,11.224,7728,7392,100.0,100.0
2026-04-05T09:53:15.736,3.72,3.747,3.756,-212,1136,11.223,7998,7665,100.0,100.0
2026-04-05T09:53:15.886,3.719,3.748,3.755,-213,1134,11.222,8115,7574,100.0,100.0
2026-04-05T09:53:15.886,3.719,3.748,3.755,-213,1135,11.222,8115,7574,100.0,100.0
2026-04-05T09:53:16.173,3.719,3.748,3.755,-213,1133,11.222,7591,7971,100.0,100.0
2026-04-05T09:53:16.173,3.719,3.747,3.755,-213,1132,11.221,7591,7971,100.0,100.0
2026-04-05T09:53:16.173,3.719,3.747,3.755,-211,1133,11.221,8065,7393,100.0,100.0
2026-04-05T09:53:16.419,3.717,3.748,3.754,-211,1130,11.219,8065,7393,100.0,100.0
2026-04-05T09:53:16.419,3.716,3.748,3.752,-212,1131,11.216,7998,7665,100.0,100.0
2026-04-05T09:53:16.419,3.716,3.747,3.752,-211,1132,11.215,7998,7665,100.0,100.0
2026-04-05T09:53:16.728,3.716,3.747,3.752,-211,1130,11.215,7727,7727,100.0,100.0
2026-04-05T09:53:16.728,3.716,3.747,3.749,-213,1133,11.212,7727,7727,100.0,100.0
2026-04-05T09:53:16.728,3.715,3.748,3.745,-211,1132,11.208,7996,7663,100.0,100.0
2026-04-05T09:53:16.860,3.715,3.748,3.741,-212,1130,11.204,7619,7619,100.0,100.0
2026-04-05T09:53:16.860,3.715,3.748,3.741,-212,1132,11.204,7619,7619,100.0,100.0
2026-04-05T09:53:17.133,3.715,3.748,3.74,-211,1131,11.203,7939,7561,100.0,100.0
2026-04-05T09:53:17.133,3.715,3.748,3.738,-211,1131,11.201,7939,7561,100.0,100.0
2026-04-05T09:53:17.133,3.715,3.748,3.738,-212,1129,11.201,8065,7729,100.0,100.0
2026-04-05T09:53:17.420,3.714,3.749,3.738,-212,1124,11.201,8065,7729,100.0,100.0
2026-04-05T09:53:17.420,3.715,3.748,3.737,-211,1126,11.2,7663,7663,100.0,100.0
2026-04-05T09:53:17.420,3.714,3.747,3.736,-210,1125,11.197,7663,7663,100.0,100.0
2026-04-05T09:53:17.700,3.714,3.747,3.736,-212,1123,11.197,8065,7729,100.0,100.0
2026-04-05T09:53:17.700,3.714,3.748,3.735,-211,1127,11.197,8065,7729,100.0,100.0
2026-04-05T09:53:17.700,3.714,3.746,3.736,-210,1124,11.196,7997,7664,100.0,100.0
2026-04-05T09:53:17.845,3.714,3.744,3.739,-211,1124,11.197,7664,7664,100.0,100.0
2026-04-05T09:53:17.845,3.714,3.744,3.739,-210,1123,11.197,7664,7664,100.0,100.0
2026-04-05T09:53:18.126,3.714,3.742,3.74,-210,1119,11.196,7907,7530,100.0,100.0
2026-04-05T09:53:18.131,3.714,3.742,3.74,-211,1121,11.196,7907,7530,100.0,100.0
2026-04-05T09:53:18.131,3.714,3.742,3.74,-209,1122,11.196,7728,7728,100.0,100.0
2026-04-05T09:53:18.385,3.714,3.74,3.741,-210,1119,11.195,7728,7728,100.0,100.0
2026-04-05T09:53:18.385,3.714,3.74,3.742,-211,1120,11.196,7997,7331,100.0,100.0
2026-04-05T09:53:18.385,3.714,3.739,3.742,-209,1120,11.195,7997,7331,100.0,100.0
2026-04-05T09:53:18.687,3.714,3.739,3.742,-210,1117,11.195,7729,7729,100.0,100.0
2026-04-05T09:53:18.687,3.714,3.737,3.744,-209,1119,11.195,7729,7729,100.0,100.0
2026-04-05T09:53:18.687,3.714,3.734,3.745,-208,1120,11.193,7997,7664,100.0,100.0
2026-04-05T09:53:18.878,3.714,3.732,3.747,-208,1120,11.193,7706,7706,100.0,100.0
2026-04-05T09:53:18.878,3.714,3.732,3.747,-209,1121,11.193,7706,7706,100.0,100.0
2026-04-05T09:53:19.126,3.714,3.732,3.747,-208,1120,11.193,7876,7501,100.0,100.0
2026-04-05T09:53:19.126,3.713,3.731,3.747,-210,1120,11.191,7876,7501,100.0,100.0
2026-04-05T09:53:19.126,3.713,3.731,3.747,-210,1119,11.191,7730,7730,100.0,100.0
2026-04-05T09:53:19.291,3.714,3.73,3.747,-209,1118,11.191,7730,7730,100.0,100.0
2026-04-05T09:53:19.291,3.713,3.729,3.746,-209,1119,11.188,7998,7665,100.0,100.0
2026-04-05T09:53:19.513,3.713,3.729,3.744,-209,1115,11.186,7998,7665,100.0,100.0
2026-04-05T09:53:19.513,3.713,3.729,3.744,-210,1114,11.186,7725,7390,100.0,100.0
2026-04-05T09:53:19.667,3.713,3.729,3.739,-209,1115,11.181,7725,7390,100.0,100.0
2026-04-05T09:53:19.667,3.713,3.728,3.738,-209,1111,11.179,7997,7664,100.0,100.0
2026-04-05T09:53:19.863,3.713,3.729,3.738,-209,1113,11.18,7754,7754,100.0,100.0
2026-04-05T09:53:19.863,3.713,3.729,3.738,-208,1115,11.18,7754,7754,100.0,100.0
2026-04-05T09:53:20.131,3.712,3.73,3.735,-209,1113,11.177,7846,7472,100.0,100.0
2026-04-05T09:53:20.131,3.712,3.729,3.735,-209,1116,11.176,7846,7472,100.0,100.0
2026-04-05T09:53:20.131,3.712,3.729,3.735,-207,1113,11.176,7726,7726,100.0,100.0
2026-04-05T09:53:20.357,3.712,3.729,3.734,-208,1112,11.175,7726,7726,100.0,100.0
2026-04-05T09:53:20.357,3.712,3.73,3.733,-209,1114,11.175,8000,7333,100.0,100.0
2026-04-05T09:53:20.357,3.711,3.73,3.732,-208,1110,11.173,8000,7333,100.0,100.0
2026-04-05T09:53:20.642,3.711,3.73,3.732,-209,1109,11.173,7726,7726,100.0,100.0
2026-04-05T09:53:20.693,3.711,3.731,3.731,-208,1112,11.173,7726,7726,100.0,100.0
2026-04-05T09:53:20.693,3.711,3.73,3.73,-207,1109,11.171,8000,7667,100.0,100.0
2026-04-05T09:53:20.804,3.71,3.731,3.729,-209,1110,11.17,7794,7237,100.0,100.0
2026-04-05T09:53:20.804,3.71,3.731,3.729,-207,1111,11.17,7794,7237,100.0,100.0
2026-04-05T09:53:21.077,3.709,3.732,3.729,-207,1110,11.17,7815,7815,100.0,100.0
2026-04-05T09:53:21.077,3.709,3.732,3.729,-208,1113,11.17,7815,7815,100.0,100.0
2026-04-05T09:53:21.077,3.709,3.732,3.729,-207,1110,11.17,7728,7392,100.0,100.0
2026-04-05T09:53:21.407,3.708,3.732,3.729,-208,1105,11.169,7728,7392,100.0,100.0
2026-04-05T09:53:21.407,3.706,3.734,3.729,-207,1111,11.169,7666,7666,100.0,100.0
2026-04-05T09:53:21.407,3.706,3.735,3.729,-208,1111,11.17,7666,7666,100.0,100.0
2026-04-05T09:53:21.644,3.706,3.735,3.729,-210,1107,11.17,8062,7726,100.0,100.0
2026-04-05T09:53:21.644,3.705,3.734,3.73,-209,1108,11.169,8062,7726,100.0,100.0
2026-04-05T09:53:21.644,3.704,3.735,3.73,-209,1106,11.169,7663,7330,100.0,100.0
2026-04-05T09:53:21.820,3.705,3.734,3.73,-209,1105,11.169,7848,7848,100.0,100.0
2026-04-05T09:53:21.820,3.705,3.734,3.73,-208,1109,11.169,7848,7848,100.0,100.0
2026-04-05T09:53:22.082,3.704,3.735,3.729,-206,1108,11.168,7784,7413,100.0,100.0
2026-04-05T09:53:22.084,3.703,3.736,3.728,-208,1108,11.167,7784,7413,100.0,100.0
2026-04-05T09:53:22.084,3.703,3.736,3.728,-209,1110,11.167,7725,7725,100.0,100.0
2026-04-05T09:53:22.329,3.703,3.735,3.729,-207,1106,11.167,7725,7725,100.0,100.0
2026-04-05T09:53:22.329,3.703,3.734,3.731,-208,1106,11.168,7999,7666,100.0,100.0
2026-04-05T09:53:22.329,3.701,3.735,3.731,-208,1110,11.167,7999,7666,100.0,100.0
2026-04-05T09:53:22.664,3.701,3.735,3.731,-206,1105,11.167,7728,7392,100.0,100.0
2026-04-05T09:53:22.664,3.699,3.735,3.731,-207,1104,11.165,7728,7392,100.0,100.0
2026-04-05T09:53:22.664,3.699,3.734,3.731,-207,1108,11.164,7666,7666,100.0,100.0
2026-04-05T09:53:22.789,3.698,3.734,3.733,-206,1102,11.165,7889,7326,100.0,100.0
2026-04-05T09:53:22.789,3.698,3.734,3.733,-207,1098,11.165,7889,7326,100.0,100.0
2026-04-05T09:53:23.049,3.697,3.734,3.733,-206,1105,11.164,7753,7753,100.0,100.0
2026-04-05T09:53:23.049,3.696,3.734,3.732,-205,1106,11.162,7753,7753,100.0,100.0
2026-04-05T09:53:23.049,3.696,3.734,3.732,-206,1105,11.162,7728,7392,100.0,100.0
2026-04-05T09:53:23.346,3.696,3.733,3.733,-205,1105,11.162,7728,7392,100.0,100.0
2026-04-05T09:53:23.346,3.695,3.731,3.733,-205,1102,11.159,7996,7663,100.0,100.0
2026-04-05T09:53:23.346,3.695,3.731,3.733,-206,1101,11.159,7996,7663,100.0,100.0
2026-04-05T09:53:23.600,3.695,3.731,3.733,-204,1103,11.159,7727,7391,100.0,100.0
2026-04-05T09:53:23.600,3.695,3.729,3.732,-206,1101,11.156,7727,7391,100.0,100.0
2026-04-05T09:53:23.600,3.696,3.728,3.733,-206,1101,11.157,7664,7664,100.0,100.0
2026-04-05T09:53:23.759,3.695,3.727,3.732,-205,1100,11.154,7941,7374,100.0,100.0
2026-04-05T09:53:23.759,3.695,3.727,3.732,-205,1092,11.154,7941,7374,100.0,100.0
2026-04-05T09:53:23.966,3.695,3.727,3.73,-206,1093,11.152,7722,7722,100.0,100.0
2026-04-05T09:53:23.966,3.695,3.727,3.728,-204,1099,11.15,7722,7722,100.0,100.0
2026-04-05T09:53:24.125,3.695,3.727,3.73,-204,1101,11.152,7848,7557,100.0,100.0
2026-04-05T09:53:24.125,3.695,3.727,3.73,-206,1102,11.152,7848,7557,100.0,100.0
2026-04-05T09:53:24.395,3.694,3.727,3.728,-205,1101,11.149,7885,7491,100.0,100.0
2026-04-05T09:53:24.395,3.694,3.727,3.728,-205,1095,11.149,7885,7491,100.0,100.0
2026-04-05T09:53:24.395,3.694,3.727,3.728,-205,1098,11.149,7726,7726,100.0,100.0
2026-04-05T09:53:24.585,3.694,3.727,3.727,-205,1100,11.148,7726,7726,100.0,100.0
2026-04-05T09:53:24.585,3.694,3.726,3.727,-205,1099,11.147,7666,7332,100.0,100.0
2026-04-05T09:53:24.769,3.693,3.727,3.726,-204,1100,11.146,7985,7415,100.0,100.0
2026-04-05T09:53:24.769,3.693,3.727,3.726,-203,1097,11.146,7985,7415,100.0,100.0
2026-04-05T09:53:24.975,3.693,3.727,3.724,-205,1097,11.144,7692,7692,100.0,100.0
2026-04-05T09:53:24.975,3.693,3.727,3.724,-204,1098,11.144,7692,7692,100.0,100.0
2026-04-05T09:53:25.133,3.693,3.727,3.724,-204,1093,11.144,7872,7580,100.0,100.0
2026-04-05T09:53:25.133,3.693,3.727,3.724,-205,1091,11.144,7872,7580,100.0,100.0
2026-04-05T09:53:25.427,3.693,3.727,3.723,-205,1096,11.143,7852,7460,100.0,100.0
2026-04-05T09:53:25.427,3.692,3.728,3.722,-205,1095,11.142,7852,7460,100.0,100.0
2026-04-05T09:53:25.427,3.692,3.728,3.722,-205,1095,11.142,7730,7730,100.0,100.0
2026-04-05T09:53:25.639,3.693,3.727,3.722,-203,1097,11.142,7730,7730,100.0,100.0
2026-04-05T09:53:25.639,3.693,3.726,3.723,-204,1097,11.142,7665,7332,100.0,100.0
2026-04-05T09:53:25.639,3.693,3.727,3.723,-205,1099,11.143,7456,7456,100.0,100.0
2026-04-05T09:53:25.957,3.693,3.727,3.723,-204,1099,11.143,7456,7456,100.0,100.0
2026-04-05T09:53:25.957,3.692,3.727,3.722,-204,1094,11.141,8030,7665,100.0,100.0
2026-04-05T09:53:25.957,3.692,3.727,3.722,-205,1095,11.141,8030,7665,100.0,100.0
2026-04-05T09:53:26.083,3.692,3.726,3.723,-205,1097,11.141,7601,7601,100.0,100.0
2026-04-05T09:53:26.083,3.692,3.726,3.723,-204,1094,11.141,7601,7601,100.0,100.0
2026-04-05T09:53:26.415,3.692,3.727,3.722,-205,1093,11.141,7823,7432,100.0,100.0
2026-04-05T09:53:26.415,3.692,3.727,3.722,-205,1093,11.141,7823,7432,100.0,100.0
2026-04-05T09:53:26.415,3.692,3.727,3.722,-204,1092,11.141,7727,7391,100.0,100.0
2026-04-05T09:53:26.590,3.692,3.727,3.722,-204,1095,11.141,7727,7391,100.0,100.0
2026-04-05T09:53:26.590,3.692,3.726,3.723,-203,1096,11.141,7666,7666,100.0,100.0
2026-04-05T09:53:26.731,3.692,3.727,3.722,-203,1096,11.141,8076,7499,100.0,100.0
2026-04-05T09:53:26.731,3.692,3.727,3.722,-205,1095,11.141,8076,7499,100.0,100.0
2026-04-05T09:53:26.969,3.692,3.727,3.722,-204,1095,11.141,7639,7639,100.0,100.0
2026-04-05T09:53:26.969,3.692,3.727,3.722,-204,1093,11.141,7639,7639,100.0,100.0
2026-04-05T09:53:27.112,3.692,3.726,3.723,-204,1092,11.141,7915,7329,100.0,100.0
2026-04-05T09:53:27.112,3.692,3.726,3.723,-205,1094,11.141,7915,7329,100.0,100.0
2026-04-05T09:53:27.385,3.692,3.726,3.723,-204,1092,11.141,7403,7793,100.0,100.0
2026-04-05T09:53:27.385,3.692,3.727,3.722,-204,1094,11.141,7403,7793,100.0,100.0
2026-04-05T09:53:27.385,3.692,3.727,3.722,-204,1097,11.141,8063,7391,100.0,100.0
2026-04-05T09:53:27.538,3.692,3.727,3.722,-203,1096,11.141,8063,7391,100.0,100.0
2026-04-05T09:53:27.538,3.692,3.726,3.722,-205,1096,11.14,7665,7665,100.0,100.0
2026-04-05T09:53:27.728,3.692,3.726,3.722,-205,1097,11.14,7544,7544,100.0,100.0
2026-04-05T09:53:27.728,3.692,3.726,3.722,-204,1095,11.14,7544,7544,100.0,100.0
2026-04-05T09:53:27.917,3.692,3.726,3.72,-205,1095,11.138,7611,7249,100.0,100.0
2026-04-05T09:53:27.917,3.692,3.726,3.72,-205,1096,11.138,7611,7249,100.0,100.0
2026-04-05T09:53:28.092,3.692,3.724,3.72,-203,1094,11.136,7939,7645,100.0,100.0
2026-04-05T09:53:28.092,3.692,3.724,3.72,-204,1094,11.136,7939,7645,100.0,100.0
2026-04-05T09:53:28.330,3.692,3.725,3.72,-204,1098,11.137,7764,7375,100.0,100.0
2026-04-05T09:53:28.330,3.692,3.725,3.719,-204,1096,11.136,7764,7375,100.0,100.0
2026-04-05T09:53:28.330,3.692,3.725,3.719,-204,1090,11.136,7728,7728,100.0,100.0
2026-04-05T09:53:28.666,3.692,3.723,3.72,-204,1090,11.135,7728,7728,100.0,100.0
2026-04-05T09:53:28.674,3.692,3.723,3.72,-204,1089,11.135,7664,7331,100.0,100.0
2026-04-05T09:53:28.674,3.692,3.722,3.72,-205,1088,11.134,7588,7588,100.0,100.0
2026-04-05T09:53:28.902,3.692,3.722,3.72,-204,1090,11.134,7588,7588,100.0,100.0
2026-04-05T09:53:28.902,3.692,3.722,3.72,-204,1092,11.134,7943,7582,100.0,100.0
2026-04-05T09:53:28.902,3.692,3.72,3.72,-205,1092,11.132,7943,7582,100.0,100.0
2026-04-05T09:53:29.087,3.692,3.72,3.716,-205,1092,11.128,7669,7374,100.0,100.0
2026-04-05T09:53:29.087,3.692,3.72,3.716,-204,1090,11.128,7669,7374,100.0,100.0
2026-04-05T09:53:29.324,3.692,3.719,3.715,-206,1085,11.126,7730,7730,100.0,100.0
2026-04-05T09:53:29.324,3.692,3.718,3.716,-207,1087,11.126,7730,7730,100.0,100.0
2026-04-05T09:53:29.324,3.692,3.718,3.716,-206,1088,11.126,7728,7392,100.0,100.0
2026-04-05T09:53:29.598,3.692,3.717,3.717,-206,1086,11.126,7728,7392,100.0,100.0
2026-04-05T09:53:29.598,3.692,3.717,3.717,-207,1086,11.126,7664,7330,100.0,100.0
2026-04-05T09:53:29.598,3.691,3.717,3.716,-207,1086,11.124,7637,7637,100.0,100.0
2026-04-05T09:53:29.898,3.691,3.717,3.716,-206,1083,11.124,7637,7637,100.0,100.0
2026-04-05T09:53:29.898,3.692,3.716,3.716,-206,1083,11.124,7553,7553,100.0,100.0
2026-04-05T09:53:29.898,3.692,3.714,3.717,-205,1084,11.123,7553,7553,100.0,100.0
2026-04-05T09:53:30.041,3.692,3.713,3.717,-205,1081,11.122,7693,7397,100.0,100.0
2026-04-05T09:53:30.041,3.692,3.713,3.717,-205,1081,11.122,7693,7397,100.0,100.0
2026-04-05T09:53:30.325,3.692,3.713,3.717,-205,1081,11.122,7703,7703,100.0,100.0
2026-04-05T09:53:30.325,3.691,3.713,3.718,-205,1077,11.122,7703,7703,100.0,100.0
2026-04-05T09:53:30.325,3.691,3.713,3.718,-204,1079,11.122,7727,7391,100.0,100.0
2026-04-05T09:53:30.510,3.692,3.711,3.718,-204,1083,11.121,7727,7391,100.0,100.0
2026-04-05T09:53:30.510,3.692,3.71,3.718,-203,1081,11.12,7996,7663,100.0,100.0
2026-04-05T09:53:30.732,3.691,3.711,3.716,-203,1082,11.118,7681,7090,100.0,100.0
2026-04-05T09:53:30.732,3.691,3.711,3.716,-202,1086,11.118,7681,7090,100.0,100.0
2026-04-05T09:53:30.864,3.691,3.71,3.716,-203,1083,11.117,7527,7527,100.0,100.0
2026-04-05T09:53:30.864,3.692,3.709,3.716,-204,1082,11.117,7527,7527,100.0,100.0
2026-04-05T09:53:31.039,3.692,3.709,3.715,-202,1084,11.116,7715,7418,100.0,100.0
2026-04-05T09:53:31.039,3.692,3.709,3.715,-202,1081,11.116,7715,7418,100.0,100.0
2026-04-05T09:53:31.310,3.691,3.709,3.715,-202,1081,11.115,7674,7674,100.0,100.0
2026-04-05T09:53:31.310,3.691,3.708,3.716,-201,1083,11.115,7674,7674,100.0,100.0
2026-04-05T09:53:31.310,3.691,3.708,3.716,-201,1081,11.115,7726,7390,100.0,100.0
2026-04-05T09:53:31.520,3.691,3.708,3.716,-202,1082,11.115,7726,7390,100.0,100.0
2026-04-05T09:53:31.520,3.691,3.708,3.716,-201,1083,11.115,7664,7664,100.0,100.0
2026-04-05T09:53:31.669,3.69,3.709,3.716,-202,1080,11.115,7728,7134,100.0,100.0
2026-04-05T09:53:31.671,3.69,3.709,3.716,-201,1080,11.115,7728,7134,100.0,100.0
2026-04-05T09:53:31.864,3.69,3.708,3.716,-201,1082,11.114,7858,7501,100.0,100.0
2026-04-05T09:53:31.866,3.69,3.708,3.716,-200,1081,11.114,7858,7501,100.0,100.0
2026-04-05T09:53:32.020,3.69,3.707,3.716,-199,1081,11.113,7739,7441,100.0,100.0
2026-04-05T09:53:32.020,3.69,3.707,3.716,-200,1081,11.113,7739,7441,100.0,100.0
2026-04-05T09:53:32.291,3.69,3.708,3.716,-199,1079,11.114,7641,7641,100.0,100.0
2026-04-05T09:53:32.291,3.69,3.708,3.716,-199,1081,11.114,7641,7641,100.0,100.0
2026-04-05T09:53:32.291,3.69,3.708,3.716,-199,1077,11.114,7729,7393,100.0,100.0
2026-04-05T09:53:32.566,3.69,3.708,3.717,-200,1078,11.115,7729,7393,100.0,100.0
2026-04-05T09:53:32.566,3.69,3.708,3.717,-200,1077,11.115,7663,7330,100.0,100.0
2026-04-05T09:53:32.566,3.69,3.708,3.716,-199,1076,11.114,7779,7779,100.0,100.0
2026-04-05T09:53:32.834,3.69,3.708,3.716,-199,1078,11.114,7779,7779,100.0,100.0
2026-04-05T09:53:32.834,3.689,3.708,3.717,-200,1076,11.114,7828,7472,100.0,100.0
2026-04-05T09:53:32.834,3.689,3.709,3.716,-199,1075,11.114,7828,7472,100.0,100.0
2026-04-05T09:53:33.024,3.689,3.709,3.716,-198,1078,11.114,7464,7464,100.0,100.0
2026-04-05T09:53:33.024,3.689,3.709,3.716,-198,1074,11.114,7464,7464,100.0,100.0
2026-04-05T09:53:33.277,3.689,3.709,3.716,-199,1075,11.114,7989,7228,100.0,100.0
2026-04-05T09:53:33.277,3.688,3.709,3.716,-198,1076,11.113,7989,7228,100.0,100.0
2026-04-05T09:53:33.277,3.688,3.709,3.716,-198,1075,11.113,7728,7392,100.0,100.0
2026-04-05T09:53:33.544,3.688,3.71,3.715,-198,1079,11.113,7728,7392,100.0,100.0
2026-04-05T09:53:33.544,3.687,3.71,3.715,-198,1074,11.112,7664,7664,100.0,100.0
2026-04-05T09:53:33.544,3.687,3.71,3.716,-197,1073,11.113,7664,7664,100.0,100.0
2026-04-05T09:53:33.858,3.687,3.71,3.716,-198,1074,11.113,7728,7392,100.0,100.0
2026-04-05T09:53:33.858,3.686,3.712,3.715,-198,1071,11.113,7728,7392,100.0,100.0
2026-04-05T09:53:33.858,3.686,3.712,3.715,-197,1074,11.113,7665,7332,100.0,100.0
2026-04-05T09:53:33.993,3.686,3.711,3.715,-198,1075,11.112,7593,7593,100.0,100.0
2026-04-05T09:53:33.993,3.686,3.711,3.715,-198,1075,11.112,7593,7593,100.0,100.0
2026-04-05T09:53:34.292,3.686,3.711,3.716,-197,1075,11.113,7580,7201,100.0,100.0
2026-04-05T09:53:34.292,3.685,3.712,3.716,-197,1074,11.113,7580,7201,100.0,100.0
2026-04-05T09:53:34.293,3.685,3.712,3.716,-197,1075,11.113,7727,7727,100.0,100.0
2026-04-05T09:53:34.528,3.684,3.713,3.714,-197,1073,11.111,7727,7727,100.0,100.0
2026-04-05T09:53:34.528,3.684,3.714,3.714,-197,1072,11.112,7664,7331,100.0,100.0
2026-04-05T09:53:34.528,3.684,3.713,3.714,-197,1074,11.111,7664,7331,100.0,100.0
2026-04-05T09:53:34.813,3.684,3.713,3.714,-197,1070,11.111,7729,7393,100.0,100.0
2026-04-05T09:53:34.813,3.683,3.714,3.714,-197,1073,11.111,7729,7393,100.0,100.0
2026-04-05T09:53:34.813,3.683,3.714,3.712,-196,1073,11.109,7665,7332,100.0,100.0
2026-04-05T09:53:34.972,3.682,3.716,3.711,-197,1073,11.109,7628,7628,100.0,100.0
2026-04-05T09:53:34.972,3.682,3.716,3.711,-195,1076,11.109,7628,7628,0.0,0.0
2026-04-05T09:53:35.241,3.742,3.77,3.774,-193,979,11.286,5286,4531,0.0,0.0
2026-04-05T09:53:35.241,3.78,3.806,3.807,-128,523,11.393,5286,4531,0.0,0.0
2026-04-05T09:53:35.241,3.78,3.806,3.807,4,154,11.393,1680,1008,0.0,0.0
2026-04-05T09:53:35.510,3.806,3.828,3.823,52,52,11.457,1680,1008,0.0,0.0
2026-04-05T09:53:35.510,3.822,3.84,3.838,28,28,11.5,1000,666,0.0,0.0
2026-04-05T09:53:35.510,3.832,3.848,3.852,4,22,11.532,1000,666,0.0,0.0
2026-04-05T09:53:35.797,3.832,3.848,3.852,-1,21,11.532,671,335,0.0,0.0
2026-04-05T09:53:35.797,3.838,3.858,3.856,-1,21,11.552,671,335,0.0,0.0
2026-04-05T09:53:35.797,3.841,3.867,3.861,-1,20,11.569,1000,333,0.0,0.0
2026-04-05T09:53:35.997,3.843,3.872,3.868,-1,20,11.583,547,547,0.0,0.0
2026-04-05T09:53:35.999,3.843,3.872,3.868,-1,20,11.583,547,547,0.0,0.0
2026-04-05T09:53:36.270,3.846,3.874,3.873,-1,19,11.593,376,376,0.0,0.0
2026-04-05T09:53:36.270,3.852,3.872,3.875,-1,19,11.599,376,376,0.0,0.0
2026-04-05T09:53:36.270,3.852,3.872,3.875,-1,19,11.599,672,0,0.0,0.0
2026-04-05T09:53:36.490,3.856,3.873,3.877,-1,19,11.606,672,0,0.0,0.0
2026-04-05T09:53:36.490,3.86,3.876,3.88,-1,19,11.616,333,333,0.0,0.0
2026-04-05T09:53:36.498,3.864,3.878,3.883,-1,18,11.625,333,333,0.0,0.0
2026-04-05T09:53:36.812,3.864,3.878,3.883,-1,18,11.625,672,336,0.0,0.0
2026-04-05T09:53:36.812,3.866,3.878,3.884,-1,18,11.628,672,336,0.0,0.0
2026-04-05T09:53:36.812,3.867,3.879,3.884,-1,18,11.63,333,0,0.0,0.0
2026-04-05T09:53:36.952,3.868,3.88,3.888,-1,18,11.636,0,0,0.0,0.0
2026-04-05T09:53:36.952,3.868,3.88,3.888,-1,18,11.636,0,0,0.0,0.0
